time,open,high,low,close,Volume,Gross Profit
2013-11-14,77.71,78.47,77.32,78.34,295738,NaN
2013-11-15,78.34,79.045,78.23,78.72,316702,NaN
2013-11-18,79.08,79.32,77.59,77.95,599134,NaN
2013-11-19,77.75,78.24,76.82,76.95,355217,NaN
2013-11-20,77.31,77.64,76.55,77,565863,NaN
2013-11-21,77.24,77.92,76.585,77.44,451228,NaN
2013-11-22,77.39,78.13,76.6837,77.14,505087,NaN
2013-11-25,77.18,77.46,76.3,76.47,777740,NaN
2013-11-26,76.71,78.23,76.15,77.81,980064,NaN
2013-11-27,78.88,78.99,76.66,77.16,558630,NaN
2013-11-29,76.34,77.34,76.34,76.84,309503,NaN
2013-12-02,76.11,77.98,76.11,76.49,611249,NaN
2013-12-03,78.2,78.52,75.39,75.55,603736,NaN
2013-12-04,78.08,78.62,74.72,75.02,794916,NaN
2013-12-05,75.88,76.11,74.91,75.69,657986,NaN
2013-12-06,78.98,78.98,76.03,76.26,499277,NaN
2013-12-09,76.32,76.73,75.69,75.8,362420,NaN
2013-12-10,75.65,76.55,75.5,76.14,553011,NaN
2013-12-11,76.04,76.67,75,75.22,684857,NaN
2013-12-12,75.28,75.68,75.02,75.18,314076,NaN
2013-12-13,75.27,75.785,75.06,75.43,406881,NaN
2013-12-16,75.72,76.47,75.65,76.22,376506,NaN
2013-12-17,76.29,76.67,75.19,75.81,514091,NaN
2013-12-18,76.1,76.93,75.05,76.93,769421,NaN
2013-12-19,76.94,77.025,75.46,76.06,405434,NaN
2013-12-20,76.43,77.51,76.28,77.44,1218965,NaN
2013-12-23,77.67,79.06,77.01,77.49,514970,NaN
2013-12-24,77.72,78.5,77.72,77.84,222440,NaN
2013-12-26,78,78.8,77.8,78.43,500935,NaN
2013-12-27,78.45,78.93,77.7,77.93,206013,NaN
2013-12-30,78.09,78.85,77.55,78.54,239613,NaN
2013-12-31,78.55,79.13,78.2901,78.7,326510,NaN
2014-01-02,78.71,79.53,78.33,78.71,769019,NaN
2014-01-03,78.93,79.8699,78.48,78.72,595469,NaN
2014-01-06,79.37,80.18,78.79,79.32,1024152,NaN
2014-01-07,79.45,80.14,78.67,80.06,874722,NaN
2014-01-08,79.91,79.93,79.27,79.67,545063,NaN
2014-01-09,74.34,75.695,73.2,73.63,3129335,NaN
2014-01-10,73.77,74,71.4,71.43,2170492,NaN
2014-01-13,71.27,71.6,69.49,70.12,1866134,NaN
2014-01-14,69.9,72.82,69.58,72.67,2209159,NaN
2014-01-15,72.74,73.41,72.18,73.22,1266406,NaN
2014-01-16,73.16,73.4975,72.23,73.1,746842,NaN
2014-01-17,73.34,75.45,73.06,75.42,1597104,NaN
2014-01-21,75.77,75.97,74.86,75.33,1404761,NaN
2014-01-22,75.61,75.96,75.01,75.7,755122,NaN
2014-01-23,75.34,75.83,74.94,75.8,1248497,NaN
2014-01-24,75.38,75.65,74.34,74.47,1387243,NaN
2014-01-27,76.97,79.69,76.78,79.02,2883554,NaN
2014-01-28,78.9,79.98,78.9,79.95,2039925,NaN
2014-01-29,79.5,80.065,78.88,79.55,1583886,NaN
2014-01-30,79.72,80.92,79.46,80.86,1725675,NaN
2014-01-31,79.34,80.67,79.26,79.55,2583258,NaN
2014-02-03,79.83,79.83,75.55,75.98,2467194,NaN
2014-02-04,76,77.06,75.2,75.28,2429420,NaN
2014-02-05,75.13,76.83,74.465,76.6,2168830,NaN
2014-02-06,76.84,78.51,75.92,78.44,1066911,NaN
2014-02-07,80.44,81.28,78.77,79.2,1674052,NaN
2014-02-10,79.34,80.01,78.52,79.38,1253987,NaN
2014-02-11,79.45,80.62,79.13,79.66,1851485,NaN
2014-02-12,79.66,79.66,78.33,79,1093977,NaN
2014-02-13,78.4,79.78,78.4,79.53,1698843,NaN
2014-02-14,79.25,79.84,78.77,79.28,1440549,NaN
2014-02-18,79.67,80.14,79.15,79.27,1032352,NaN
2014-02-19,88.87,94.162,88.68,93.65,12298089,NaN
2014-02-20,93.88,95.05,93.22,94.22,2042960,NaN
2014-02-21,95.19,95.3,93.89,94.34,2540889,NaN
2014-02-24,94.93,95.02,94.04,94.28,1468810,NaN
2014-02-25,94.01,95.83,94.01,95.39,1295031,NaN
2014-02-26,94.97,97.035,94.89,95.6,1171706,NaN
2014-02-27,95.47,96.35,94.51,95.72,1201195,NaN
2014-02-28,95.72,96.55,95,95.55,848051,NaN
2014-03-03,94.21,96.11,93.95,95.39,663821,NaN
2014-03-04,96.35,98.65,96.11,98.6,930048,NaN
2014-03-05,98.21,98.21,96.92,97.29,780213,NaN
2014-03-06,97.55,98.81,97.28,98.5,630443,NaN
2014-03-07,98.5,99.5,97.71,99.04,723481,NaN
2014-03-10,98.74,99.21,97.27,97.78,1088033,NaN
2014-03-11,97.81,98.26,96.84,97.49,880344,NaN
2014-03-12,97.15,97.71,96.255,97.4,1544645,NaN
2014-03-13,97.44,99.08,96.8401,98,1156937,NaN
2014-03-14,97.79,98.92,97.43,98.8,871091,NaN
2014-03-17,99,100.83,98.61,100.81,1137652,NaN
2014-03-18,100.8,102.44,100.75,101.85,1208175,NaN
2014-03-19,101.51,102.37,101.07,102.15,807750,NaN
2014-03-20,101.49,102.08,100.65,102.01,991199,NaN
2014-03-21,101.69,101.99,99.97,99.97,2265395,NaN
2014-03-24,100.8,101.235,98.25,99.16,1658653,NaN
2014-03-25,99.86,100.5,98.29,99.51,747400,NaN
2014-03-26,100.24,101.27,97.36,98.35,1546299,NaN
2014-03-27,101.95,107.38,101.01,105.03,4143993,NaN
2014-03-28,106.17,106.76,104.33,105.97,2229510,NaN
2014-03-31,106.51,106.99,104.29,105.86,1387142,NaN
2014-04-01,106.05,107.27,105.72,106.73,1455143,NaN
2014-04-02,106.97,107.74,106.63,106.95,1156258,NaN
2014-04-03,106.93,107.37,106.62,107.11,985346,NaN
2014-04-04,107.51,107.695,104.42,104.79,1302938,NaN
2014-04-07,104.34,105.27,101.871,102.51,1004526,NaN
2014-04-08,103.66,104.23,102.57,104.03,807664,NaN
2014-04-09,104.11,105.14,103.07,104.85,543350,NaN
2014-04-10,105.76,106.68,102.76,103.11,904776,NaN
2014-04-11,102.06,102.931,100.52,101.45,770126,NaN
2014-04-14,102.72,102.99,101.23,102.05,761236,NaN
2014-04-15,102.28,102.319,99.14,100.77,1110950,NaN
2014-04-16,101.29,102.285,100.37,101.28,766109,NaN
2014-04-17,103.35,103.35,99.81,100.45,1005461,NaN
2014-04-21,100.29,101.24,99.393,100.43,556107,NaN
2014-04-22,100.42,101.04,99.78,99.84,678917,NaN
2014-04-23,99.8,100.63,99.47,99.65,513445,NaN
2014-04-24,99.79,100.82,97.91,100.18,817997,NaN
2014-04-25,100,100.61,98.76,99.34,481598,NaN
2014-04-28,100,100.18,98,99.07,1141281,NaN
2014-04-29,99.43,100.78,99.27,100.14,985614,NaN
2014-04-30,99.98,101.48,99.69,101.32,870439,NaN
2014-05-01,101.49,103,100.55,102.59,1103690,NaN
2014-05-02,102.73,104.55,102.43,103.71,1190322,NaN
2014-05-05,103.24,104.01,101.8,103.05,667352,NaN
2014-05-06,102.66,103.01,101.14,101.29,456480,NaN
2014-05-07,101.32,101.84,99.2,101.74,870849,NaN
2014-05-08,101.42,103.77,100.89,101.92,793055,NaN
2014-05-09,101.73,102.21,99.892,100.94,946827,NaN
2014-05-12,101.12,102.93,100.77,100.97,951737,NaN
2014-05-13,100.97,102.82,100.15,100.33,769545,NaN
2014-05-14,100.07,101.08,99.97,100.11,433157,NaN
2014-05-15,99.74,100.39,95.03,98.79,2576298,NaN
2014-05-16,99.51,100.58,98.54,98.96,916727,NaN
2014-05-19,98.39,98.91,97.86,98.52,834082,NaN
2014-05-20,98.45,98.49,97.288,97.56,850457,NaN
2014-05-21,98.4,100.59,98.24,99.64,1416342,NaN
2014-05-22,102.21,106.11,102.21,104.65,2011247,NaN
2014-05-23,104.14,105.14,103.51,104.3,727541,NaN
2014-05-27,104.64,105.27,104.17,104.37,1263882,NaN
2014-05-28,104.09,105.44,103.26,104.67,1440661,NaN
2014-05-29,105.32,108.82,105.22,108.37,1937295,NaN
2014-05-30,107.72,108.06,105.79,106.09,1077117,NaN
2014-06-02,106.57,107.16,105.51,106.21,563274,NaN
2014-06-03,105.66,105.795,103.7,103.99,973375,NaN
2014-06-04,103.82,105.51,103.6,105.28,570189,NaN
2014-06-05,105.66,105.99,104.32,105.89,472234,NaN
2014-06-06,105.89,107.72,105.57,107.69,668725,NaN
2014-06-09,107.51,108.39,106.4,107.73,1148113,NaN
2014-06-10,107.38,108.41,107.13,108.03,886610,NaN
2014-06-11,107.47,108.25,106.86,107.34,684191,NaN
2014-06-12,107.5,107.5,105.69,106.25,553946,NaN
2014-06-13,106.23,107.27,106.01,107.1,461627,NaN
2014-06-16,107.18,107.73,105.83,107.55,519417,NaN
2014-06-17,107.22,109.73,107.01,108.84,719866,NaN
2014-06-18,109.8,109.8,108.33,108.97,520008,NaN
2014-06-19,109.28,109.45,108.78,109.4,351465,NaN
2014-06-20,109.44,111.24,109.38,111.23,1197066,NaN
2014-06-23,111.01,111.4,108.8,109.24,638119,NaN
2014-06-24,108.49,110.18,108.175,108.9,733425,NaN
2014-06-25,108.69,110,108.54,109.87,439438,NaN
2014-06-26,109.91,109.94,108.354,109.7,461899,NaN
2014-06-27,109.53,110.37,108.31,110.2,847650,NaN
2014-06-30,110.41,110.73,109.27,110.59,883046,NaN
2014-07-01,109.75,112.29,108.6,111.9,1152896,NaN
2014-07-02,111.58,113.18,109.82,110.3,712351,NaN
2014-07-03,110.6,112.35,109.67,112.15,435371,NaN
2014-07-07,111.28,111.28,109.7772,109.89,359551,NaN
2014-07-08,109.91,110.44,108.5,108.81,380842,NaN
2014-07-09,110,113.06,109.95,112.28,691077,NaN
2014-07-10,110.82,112.23,109.485,111.23,734269,NaN
2014-07-11,111.35,112.36,111.01,111.93,864220,NaN
2014-07-14,112.52,112.93,111.29,112.47,901336,NaN
2014-07-15,112.05,112.82,111.78,112.55,635252,NaN
2014-07-16,112.83,113.08,111.2,111.47,922445,NaN
2014-07-17,110.85,111.26,108.83,109.1,438411,NaN
2014-07-18,109.51,111.49,107.39,111.1,503179,NaN
2014-07-21,108.53,110.96,108.53,109.87,347860,NaN
2014-07-22,110,110.44,108.69,108.91,528981,NaN
2014-07-23,109.17,109.5,107.26,107.26,1120332,NaN
2014-07-24,107.48,108.65,105.81,107.09,1193125,NaN
2014-07-25,106.55,107.28,105.92,105.97,429737,NaN
2014-07-28,105.82,106.01,104.74,104.87,659743,NaN
2014-07-29,104.79,105.31,103.57,103.63,1334552,NaN
2014-07-30,103.85,104.77,103.05,104.46,541659,NaN
2014-07-31,103.64,104.47,101.74,101.79,691299,NaN
2014-08-01,101.68,102.63,100.43,102.41,955084,NaN
2014-08-04,102.73,104.53,101.5234,104.22,514273,NaN
2014-08-05,103.27,104.26,102.56,102.68,398688,NaN
2014-08-06,102.25,103.92,102.09,102.42,453632,NaN
2014-08-07,102.93,103.2199,101.93,102.1,266855,NaN
2014-08-08,102.17,104.7,102.11,104.61,382693,NaN
2014-08-11,105.23,105.59,104.32,105.02,547159,NaN
2014-08-12,105.04,105.76,104.46,104.95,360531,NaN
2014-08-13,104.97,105.68,103.74,104.86,324756,NaN
2014-08-14,105.14,105.6,104.6,104.96,276634,NaN
2014-08-15,105.38,105.95,104.33,105.03,302322,NaN
2014-08-18,105.85,106.62,105.36,106.2,487383,NaN
2014-08-19,106.72,107.5,106.02,106.99,663290,NaN
2014-08-20,106.75,107,104.84,106.54,821356,NaN
2014-08-21,106.74,106.84,105.5,105.72,373172,NaN
2014-08-22,105.85,107.32,105.575,106.98,469554,NaN
2014-08-25,107.63,108.86,107.49,108.21,603894,NaN
2014-08-26,108.3,109,107.24,108.42,756931,NaN
2014-08-27,108.56,109.28,107.88,108.03,956268,NaN
2014-08-28,116.48,117.42,113.83,116.37,3562531,NaN
2014-08-29,116.65,118.27,115.56,117.87,1436821,NaN
2014-09-02,119.24,119.24,117.29,117.54,1330525,NaN
2014-09-03,117.91,118.565,117,117.25,2315206,NaN
2014-09-04,117.29,118.26,117,117.64,1084096,NaN
2014-09-05,117.26,118.93,116.77,118.85,1086820,NaN
2014-09-08,118.35,119.18,117.39,117.99,611350,NaN
2014-09-09,117.8,118.15,116.86,117.01,1169644,NaN
2014-09-10,117.05,117.58,116.1,117.5,1150868,NaN
2014-09-11,117.19,118.68,116.75,118.65,612695,NaN
2014-09-12,118.29,118.29,116.88,117.82,867374,NaN
2014-09-15,117.98,118,116.05,116.85,380684,NaN
2014-09-16,116.42,118.63,116.42,118.07,734987,NaN
2014-09-17,117.89,118.26,116.97,117.16,839130,NaN
2014-09-18,117.46,117.46,115.995,116.14,522063,NaN
2014-09-19,116.58,116.82,115.12,115.23,1352362,NaN
2014-09-22,114.71,115.26,114.04,114.26,645549,NaN
2014-09-23,114.03,114.56,112.83,112.91,967787,NaN
2014-09-24,113.05,115.28,111.9,115.24,761382,NaN
2014-09-25,114.94,115.62,113.34,114.06,559497,NaN
2014-09-26,114.01,115.54,113.56,114.79,427975,NaN
2014-09-29,113.53,114.84,113.53,114.65,333116,NaN
2014-09-30,114.67,114.8,113.69,113.91,428258,NaN
2014-10-01,113.47,114.11,111.09,112.14,792334,NaN
2014-10-02,112.2,114.36,110.97,114.04,575282,NaN
2014-10-03,113.37,117.02,113.04,116.21,638184,NaN
2014-10-06,116.37,116.67,115.07,115.53,362644,NaN
2014-10-07,114.77,115.81,113.63,113.72,417774,NaN
2014-10-08,114.02,114.02,110.94,112.25,1807785,NaN
2014-10-09,111.56,112.61,110.05,110.17,603223,NaN
2014-10-10,110.21,110.605,109.03,109.3,1233682,NaN
2014-10-13,108.88,109.63,107,107.89,1072240,NaN
2014-10-14,103.52,106.53,102.06,104.32,2381337,NaN
2014-10-15,103.67,106.96,102.23,106.32,1312970,NaN
2014-10-16,104.39,108.89,104.39,108,1138659,NaN
2014-10-17,109.15,110.63,108.19,109.62,904521,NaN
2014-10-20,109.91,111.33,109,109.15,928473,NaN
2014-10-21,110.17,111.475,109.99,110.37,769290,NaN
2014-10-22,110.81,111.21,110.02,110.16,673644,NaN
2014-10-23,110.78,113.99,110.69,113.04,881344,NaN
2014-10-24,113.06,116.22,112.78,115.83,1384102,NaN
2014-10-27,115.61,117.16,114.71,116.84,696607,NaN
2014-10-28,117.36,118.01,116.66,117.64,696571,NaN
2014-10-29,117.36,118.33,116.74,117.57,833435,NaN
2014-10-30,117.15,119.64,115.48,119.45,738086,NaN
2014-10-31,120.43,120.98,119.19,120.01,1205277,NaN
2014-11-03,120.4,120.83,119.05,119.65,834741,NaN
2014-11-04,119.64,119.74,117.96,119.62,485363,NaN
2014-11-05,120.82,120.82,119.23,119.97,599870,NaN
2014-11-06,120.26,121.52,119.86,121.32,1009868,NaN
2014-11-07,121.72,121.93,119.85,120.29,999067,NaN
2014-11-10,120.71,123.45,119.87,122.4,947855,NaN
2014-11-11,121.61,122.5775,120.39,121.03,566927,NaN
2014-11-12,120.46,123.06,120.46,122.61,716075,NaN
2014-11-13,123.26,123.4,122.01,122.52,441514,NaN
2014-11-14,121.74,122.77,121.21,121.72,789877,NaN
2014-11-17,121.72,122.35,119.18,120.01,1015944,NaN
2014-11-18,120.31,120.72,118.975,119.86,706172,NaN
2014-11-19,119.72,120.9,118.895,120.59,1107282,NaN
2014-11-20,120.28,121.85,120.28,121.62,788762,NaN
2014-11-21,122.89,123,121.5,122.85,1043899,NaN
2014-11-24,123.52,124.41,122.17,122.99,1697769,NaN
2014-11-25,127.56,134.62,127.32,131.59,4781556,NaN
2014-11-26,131.72,132.205,128.62,129.34,1062973,NaN
2014-11-28,129.05,132,129.03,130.96,499772,NaN
2014-12-01,130.31,130.35,127.15,127.33,951478,NaN
2014-12-02,127.66,128.89,125.52,126.71,1197293,NaN
2014-12-03,126.94,128.4,126.16,128.33,540719,NaN
2014-12-04,128.07,128.33,127.05,127.7,473416,NaN
2014-12-05,127.74,128.86,126.2,128.83,652185,NaN
2014-12-08,128.84,129.73,126.5447,127.94,606718,NaN
2014-12-09,126.46,128.47,125.79,128.1,732398,NaN
2014-12-10,127,127.628,124.94,125.43,625126,NaN
2014-12-11,126.41,128.425,126.23,127.25,810741,NaN
2014-12-12,126.78,128.72,126.27,126.95,691119,NaN
2014-12-15,127.3,129.27,126.18,127.11,685778,NaN
2014-12-16,125.37,127.76,124.8,124.84,675606,NaN
2014-12-17,125,127.4,123.91,127.3,649437,NaN
2014-12-18,128.93,129.84,127.96,129.74,471517,NaN
2014-12-19,129.7,130.29,125.88,129.87,1531430,NaN
2014-12-22,129.32,130.37,128.56,129.31,433684,NaN
2014-12-23,129.71,131.23,129.15,131.05,524494,NaN
2014-12-24,131.11,132.145,130.63,130.65,171147,NaN
2014-12-26,131.36,131.68,130.265,130.83,254578,NaN
2014-12-29,130.71,132.53,130.02,132.12,326006,NaN
2014-12-30,131.42,132.13,130.44,131.39,382775,NaN
2014-12-31,131.63,133.87,131.43,131.57,437612,NaN
2015-01-02,131.88,132.38,127.81,129.81,579837,NaN
2015-01-05,129.49,131.88,127.9847,131.52,965357,NaN
2015-01-06,131.54,132.03,125.9,128.43,1010265,NaN
2015-01-07,130.31,131.99,129.51,130.84,785179,NaN
2015-01-08,123.11,127,122.63,126.14,3058741,NaN
2015-01-09,125.69,125.69,123.9949,124.92,1411115,NaN
2015-01-12,124,124.86,123.59,124.42,1181217,NaN
2015-01-13,124.13,125.03,121.84,123.25,937596,NaN
2015-01-14,121.52,123.12,121.07,122.37,1029848,NaN
2015-01-15,121.98,124.13,120.24,123.29,1147600,NaN
2015-01-16,123.04,124.83,121.91,124.68,738260,NaN
2015-01-20,125.78,126.49,122.69,123.02,1076111,NaN
2015-01-21,123.39,124.84,122.66,124.4,524466,NaN
2015-01-22,125.37,125.67,123.675,124.36,731336,NaN
2015-01-23,124.71,125.66,123.74,124.84,624972,NaN
2015-01-26,125.14,125.75,123.96,125.19,641886,NaN
2015-01-27,124.03,125.97,123.65,125.33,448608,NaN
2015-01-28,125.57,126.32,122.59,122.95,537254,NaN
2015-01-29,123.19,123.91,122.18,123.43,554189,NaN
2015-01-30,122.16,122.86,120.91,121.11,838900,NaN
2015-02-02,121.12,121.97,118.87,121.36,548033,NaN
2015-02-03,121.79,123.18,121.21,123,412958,NaN
2015-02-04,122.09,123.41,121.44,121.71,399907,NaN
2015-02-05,121.57,122.31,120.06,120.63,824280,NaN
2015-02-06,120.62,120.7,118.98,119.58,697124,NaN
2015-02-09,119.17,119.67,117.52,117.96,643714,NaN
2015-02-10,118.68,120.28,118.19,120.11,658730,NaN
2015-02-11,120.08,121.23,119.11,119.46,472865,NaN
2015-02-12,120.26,120.8,118.67,119.83,478709,NaN
2015-02-13,120.2,120.52,119.49,120.19,474696,NaN
2015-02-17,120.14,120.45,119.04,120.23,533499,NaN
2015-02-18,120,120.58,119.4,120.11,519781,NaN
2015-02-19,119.62,120.44,119.255,120,388358,NaN
2015-02-20,119.72,120.31,119.23,120.08,720524,NaN
2015-02-23,120.11,120.91,119.54,119.75,500205,NaN
2015-02-24,120.22,120.3,119.17,119.62,359952,NaN
2015-02-25,119.12,120.38,118.81,119,358412,NaN
2015-02-26,119.06,119.83,118.45,119.38,494133,NaN
2015-02-27,119.63,120.31,118.75,119.88,612393,NaN
2015-03-02,120.1,123.2,119.42,121.91,688174,NaN
2015-03-03,121.96,121.96,120.17,121.4,657447,NaN
2015-03-04,120.64,121.22,119.57,119.95,569635,NaN
2015-03-05,119.47,121.03,118.17,120.68,666825,NaN
2015-03-06,120.47,121.16,119.31,119.89,644039,NaN
2015-03-09,120.2,120.39,118.58,119.38,445875,NaN
2015-03-10,118.18,118.82,116.45,117.39,848162,NaN
2015-03-11,117.33,120.09,116.552,120.08,839619,NaN
2015-03-12,120.38,123.09,120.1,122.96,561361,NaN
2015-03-13,122.81,124.11,122.2901,123.88,740317,NaN
2015-03-16,124.36,126.28,123.51,125.93,749486,NaN
2015-03-17,126.02,126.204,124.525,125.34,441009,NaN
2015-03-18,125.17,126.17,123.44,125.8,559290,NaN
2015-03-19,125,126.19,124.65,125.63,402073,NaN
2015-03-20,126.31,126.83,125.63,126.07,1086107,NaN
2015-03-23,126.07,129.72,125.51,128.68,860712,NaN
2015-03-24,128.96,129.65,127.82,128.83,812748,NaN
2015-03-25,129.26,129.56,127.29,127.33,1251139,NaN
2015-03-26,130.01,135.98,129.51,135,2205263,NaN
2015-03-27,135.17,136.95,135.01,136.33,1001973,NaN
2015-03-30,136.88,140.98,136.38,139.78,1111082,NaN
2015-03-31,139.98,140.13,137.9,138.79,1050609,NaN
2015-04-01,138.47,138.78,136.31,137.93,856569,NaN
2015-04-02,138.37,140.32,137.52,139.36,735349,NaN
2015-04-06,138.52,140.51,138.31,139.76,712474,NaN
2015-04-07,140.06,140.06,138.04,138.21,416053,NaN
2015-04-08,138.08,139.47,137.47,137.77,838336,NaN
2015-04-09,137.77,138.55,137.05,137.96,449234,NaN
2015-04-10,137.85,138.5173,136.69,137.02,580181,NaN
2015-04-13,136.53,137.095,135.95,136,517044,NaN
2015-04-14,135.9,136.85,134.21,135.19,538197,NaN
2015-04-15,135.33,135.98,134.99,135.07,561806,NaN
2015-04-16,134.71,135.57,134.14,134.23,349929,NaN
2015-04-17,133.14,133.64,132,132.41,352215,NaN
2015-04-20,133.41,134.01,132.21,133.84,428187,NaN
2015-04-21,134.64,135.52,133.13,134.99,771603,NaN
2015-04-22,135.61,137.48,134.535,136.98,829274,NaN
2015-04-23,137.02,138.67,136.47,137.98,476275,NaN
2015-04-24,138,138.11,136.62,138,437300,NaN
2015-04-27,138.18,138.745,136.53,136.62,699246,NaN
2015-04-28,136.31,136.99,134.14,136.53,380396,NaN
2015-04-29,136.47,136.66,134.79,135.84,409675,NaN
2015-04-30,135.04,135.4,133.51,134.13,479721,NaN
2015-05-01,133.24,136.84,133.24,136.79,335084,NaN
2015-05-04,137.41,138.49,136.43,137.62,597530,NaN
2015-05-05,137.7,137.88,134.92,135.68,337486,NaN
2015-05-06,135.62,136.74,134.44,134.86,400238,NaN
2015-05-07,134.69,136.74,134.69,136.35,327702,NaN
2015-05-08,138.15,139.47,137.09,137.26,252618,NaN
2015-05-11,137.26,138.265,135.5,136.03,361211,NaN
2015-05-12,135.36,137.32,134.16,136.48,479045,NaN
2015-05-13,136.51,137.625,135.113,135.23,340747,NaN
2015-05-14,135.59,135.92,132.04,132.8,1111588,NaN
2015-05-15,132.43,133.9,132.43,133.22,1206028,NaN
2015-05-18,132.28,134.58,131.79,134.13,795466,NaN
2015-05-19,134.93,136.11,133.66,133.74,657878,NaN
2015-05-20,134.06,136.48,133.53,135.94,485716,NaN
2015-05-21,135.87,136.77,135.39,136.4,465327,NaN
2015-05-22,135.98,137.21,135.72,136.64,405148,NaN
2015-05-26,135.96,136.32,133.34,134.47,1007141,NaN
2015-05-27,134.94,137.37,133.05,133.18,1098941,NaN
2015-05-28,129.24,132.725,128.55,132.38,1780891,NaN
2015-05-29,132.81,133.7699,128.96,129.33,1118341,NaN
2015-06-01,129.8,130.6,128.76,129.68,668676,NaN
2015-06-02,129.36,131.02,129.17,129.91,585043,NaN
2015-06-03,129.83,132.03,129.57,131.96,515872,NaN
2015-06-04,130.73,132.93,130,130.91,569835,NaN
2015-06-05,131.13,131.44,130,131,343820,NaN
2015-06-08,131.14,131.59,129.23,129.31,441332,NaN
2015-06-09,129.92,130.83,129.34,130.49,578088,NaN
2015-06-10,130.72,131.87,130.55,131.33,432652,NaN
2015-06-11,131.94,132.98,130.18,130.59,472459,NaN
2015-06-12,130.42,131.87,130.365,131.19,320193,NaN
2015-06-15,131.71,131.71,129.72,130.57,511318,NaN
2015-06-16,130.6,132.27,130.03,131.72,493050,NaN
2015-06-17,132.16,133.3,131.64,132.32,359011,NaN
2015-06-18,132.29,133.75,132.29,133.23,307846,NaN
2015-06-19,133.31,133.32,131.46,131.51,612463,NaN
2015-06-22,133.07,133.92,131.79,132.6,486046,NaN
2015-06-23,132.91,133.99,132.43,133.1,462845,NaN
2015-06-24,133.18,133.18,129.415,130.16,676796,NaN
2015-06-25,132.02,132.02,129.54,130.46,808627,NaN
2015-06-26,130.96,131.72,129.674,130.78,1133137,NaN
2015-06-29,129.96,130.39,127.7,127.72,507850,NaN
2015-06-30,128.73,128.915,127.77,128.24,554717,NaN
2015-07-01,129.4,129.4,125.211,127.13,506741,NaN
2015-07-02,127.54,129.94,126.14,126.69,419960,NaN
2015-07-06,125.36,128.13,125.06,126.25,472919,NaN
2015-07-07,126.69,126.91,123.29,125.01,1195383,NaN
2015-07-08,123.66,124.54,121.6,121.74,1009979,NaN
2015-07-09,123,123.84,120.08,120.73,1281045,NaN
2015-07-10,122.06,122.48,120.8,121.64,589785,NaN
2015-07-13,122.78,123.82,122.35,123.47,723152,NaN
2015-07-14,123.58,124.71,123.06,124.24,430928,NaN
2015-07-15,124.16,125.27,123.18,123.57,482673,NaN
2015-07-16,123.84,124.52,122.77,122.88,546790,NaN
2015-07-17,122.91,123.05,121.63,122.28,431385,NaN
2015-07-20,122.31,123.19,121.25,122.65,455834,NaN
2015-07-21,122.78,123.85,121.385,122.96,466426,NaN
2015-07-22,122.41,123.8199,122.41,123.7,319605,NaN
2015-07-23,123.73,125.32,123.1501,123.49,543267,NaN
2015-07-24,123.3,123.74,120.75,121.04,296604,NaN
2015-07-27,121.51,121.94,118.31,118.62,1437230,NaN
2015-07-28,119.21,121.42,118.47,120.87,16788982,NaN
2015-07-29,120.98,122.59,120.7,121.78,896557,NaN
2015-07-30,121.39,121.99,120.59,121.85,613698,NaN
2015-07-31,121.6,121.99,120.144,121.22,696750,NaN
2015-08-03,121.31,121.67,120.06,121.31,663529,NaN
2015-08-04,121.45,122.31,120.91,121.53,500868,NaN
2015-08-05,122.5,123.33,121.55,121.98,387219,NaN
2015-08-06,121.82,121.9,119.69,120.05,367840,NaN
2015-08-07,119.92,120.64,119.23,120.34,309909,NaN
2015-08-10,121.43,122.09,120.78,121.61,412305,NaN
2015-08-11,120.46,121.07,119.58,119.99,482879,NaN
2015-08-12,118.99,119.93,117.85,119.75,485498,NaN
2015-08-13,119.83,121.24,119.46,120.34,474164,NaN
2015-08-14,120.56,122.12,119.94,121.14,510143,NaN
2015-08-17,120.87,123.5,120.66,123.32,427019,NaN
2015-08-18,123.19,125.11,122.14,124.13,494390,NaN
2015-08-19,125.05,127.57,123.69,126.5,1181324,NaN
2015-08-20,126.02,127.55,125.73,125.77,1129354,NaN
2015-08-21,124.51,125.1799,122.37,123.12,856508,NaN
2015-08-24,120.36,122.72,116.15,119.77,1477154,NaN
2015-08-25,120.96,122.38,117.5,117.56,839900,NaN
2015-08-26,119.57,121.38,116.42,121.29,1505190,NaN
2015-08-27,133.33,139.9,131.61,138.82,2540808,NaN
2015-08-28,139.92,141.59,137.44,139.66,1062043,NaN
2015-08-31,139.33,142.93,137.98,138,1209383,NaN
2015-09-01,135.75,136.82,133.16,134.05,1429603,NaN
2015-09-02,135.61,138.12,133.83,138.08,687916,NaN
2015-09-03,138.38,139.88,136.422,137.16,794845,NaN
2015-09-04,136.61,138.4225,135.44,136.53,621484,NaN
2015-09-08,137.17,140.47,137.11,139.79,605239,NaN
2015-09-09,141.14,142.08,137.32,137.68,442240,NaN
2015-09-10,137.71,139.21,137.08,137.92,725338,NaN
2015-09-11,137.18,139.32,136.38,139.24,417045,NaN
2015-09-14,138.97,139.52,137.27,138.32,392705,NaN
2015-09-15,138.68,138.82,136.5,137.42,702583,NaN
2015-09-16,137.22,138.95,136.34,138.72,516553,NaN
2015-09-17,138.8,140.47,137.49,137.86,484991,NaN
2015-09-18,136.18,138.8396,135.98,136.87,940474,NaN
2015-09-21,137.8,138.88,136.33,138.58,410190,NaN
2015-09-22,136.84,138.96,136.34,138.6,522634,NaN
2015-09-23,138.36,142.74,138.36,141.67,987873,NaN
2015-09-24,140.54,142.03,139.38,141.6,730229,NaN
2015-09-25,142.7,142.87,138.905,140.01,500611,NaN
2015-09-28,139.54,140.9,136.08,137.94,587627,NaN
2015-09-29,137.72,138.89,132.78,133.8,1145614,NaN
2015-09-30,135.19,137.01,133.28,136.13,821200,NaN
2015-10-01,136.75,136.95,133.7,134.97,637597,NaN
2015-10-02,133.88,136.46,131.95,136.45,636266,NaN
2015-10-05,137.56,138.71,136.61,138.29,608310,NaN
2015-10-06,138.22,139.11,135.08,136.15,530442,NaN
2015-10-07,137.43,138.38,135.31,138.3,777653,NaN
2015-10-08,137.87,142.52,137.87,141.93,738866,NaN
2015-10-09,141.72,143.58,140.16,143,737818,NaN
2015-10-12,143.05,146.72,142.86,144.76,845997,NaN
2015-10-13,144.29,145.16,142.31,142.66,453567,NaN
2015-10-14,142.36,143.33,140.35,140.92,448605,NaN
2015-10-15,141.38,143.1,140.57,141.65,777686,NaN
2015-10-16,142.75,143.93,141.34,142.99,574905,NaN
2015-10-19,142.6,146.16,141.14,146.07,697258,NaN
2015-10-20,146.94,150.65,145.22,145.86,913606,NaN
2015-10-21,146.06,147.07,144.87,146.34,830466,NaN
2015-10-22,147.7,149.43,146.89,147.59,768877,NaN
2015-10-23,148.32,148.43,144.44,144.76,1135573,NaN
2015-10-26,144.91,148.22,144.206,147.78,582561,NaN
2015-10-27,147.44,147.95,145.775,147.7,363923,NaN
2015-10-28,147.89,149.97,147.12,149.47,588949,NaN
2015-10-29,149.7,151,148.9,150.57,516420,NaN
2015-10-30,150.52,152.27,148.96,150.94,477734,NaN
2015-11-02,150.86,150.93,147.74,149.17,662432,NaN
2015-11-03,148.74,148.904,147.19,148.16,602561,NaN
2015-11-04,148.29,149.55,147.446,148.2,425508,NaN
2015-11-05,148.86,149.69,146.65,147.76,348511,NaN
2015-11-06,147.4,148.25,144.65,146.64,451420,NaN
2015-11-09,146.52,147.42,143.54,146.85,723565,NaN
2015-11-10,146.73,150.07,146.47,149.73,665260,NaN
2015-11-11,149.61,150.5,144.87,145.06,617786,NaN
2015-11-12,144.6,147.74,140.95,141.14,688763,NaN
2015-11-13,140.11,140.33,134.38,136.42,1546153,NaN
2015-11-16,136.21,138.65,135.12,138.65,660110,NaN
2015-11-17,139.71,140.2,136.66,137.92,836408,NaN
2015-11-18,138.42,141.3,137.2622,140.59,963483,NaN
2015-11-19,141,141,138.01,139.71,746588,NaN
2015-11-20,140.86,141.94,137.14,137.6,1783567,NaN
2015-11-23,137.81,141.98,137.61,140.65,2063194,NaN
2015-11-24,135.45,137.8,131.71,134.89,4604955,NaN
2015-11-25,134.56,136.76,134.5,135.39,861486,NaN
2015-11-27,135.28,135.83,132.14,133.04,499200,NaN
2015-11-30,132.68,133,129.55,131.39,1351594,NaN
2015-12-01,132.18,132.69,128.51,131.04,3270669,NaN
2015-12-02,130.75,132.52,128.86,129.44,1253757,NaN
2015-12-03,129.9,130.84,127.195,127.96,1379739,NaN
2015-12-04,128.21,130.66,127.03,130.03,1095075,NaN
2015-12-07,129.52,130.35,126.65,127.48,1421658,NaN
2015-12-08,126.35,127.46,124.28,124.87,1302659,NaN
2015-12-09,124,125.49,119.89,121.03,2256931,NaN
2015-12-10,121.37,123.185,119.96,121.45,1535966,NaN
2015-12-11,120.54,121.31,116.62,117.35,1811325,NaN
2015-12-14,116.8,117.6,115.13,116.79,1325873,NaN
2015-12-15,117.68,117.89,115.8,116.99,1353321,NaN
2015-12-16,117.97,119.6,115.87,117,1326185,NaN
2015-12-17,117.06,117.74,116.32,116.42,1027209,NaN
2015-12-18,115.53,117,114.88,114.97,1118609,NaN
2015-12-21,115.24,118.65,114.7701,117.47,1198573,NaN
2015-12-22,117.68,121.75,116.01,120.72,1630827,NaN
2015-12-23,121.42,123.68,121.18,121.89,1137063,NaN
2015-12-24,121.12,121.12,118.97,119.64,506089,NaN
2015-12-28,120.01,121.91,119.665,120.89,1244065,NaN
2015-12-29,121.58,122.79,121.22,121.92,922566,NaN
2015-12-30,121.7,122.18,120.31,121.77,762161,NaN
2015-12-31,121.58,125.58,121.21,123.69,1711571,NaN
2016-01-04,121.91,125.52,121.3596,124.83,2173398,NaN
2016-01-05,125.23,127.06,122.39,125.58,1779406,NaN
2016-01-06,124.1,127.9,123.69,127.31,2765261,NaN
2016-01-07,128,135.59,127.61,133.28,3500846,NaN
2016-01-08,133.72,135.23,125.72,126.93,2834923,NaN
2016-01-11,127.26,127.8,124.4,126.18,1866943,NaN
2016-01-12,127.5,129.645,124.46,126.95,998619,NaN
2016-01-13,127.5,127.9275,123.77,124.02,1197840,NaN
2016-01-14,124.26,125.74,121.5,124.5,1576466,NaN
2016-01-15,121.59,124.11,118.74,121.52,1755869,NaN
2016-01-19,122.16,125.36,120.31,122.21,1300474,NaN
2016-01-20,120.87,122.07,116.49,120.64,1126513,NaN
2016-01-21,120.98,122.32,118.46,119.53,1272287,NaN
2016-01-22,120.86,123.34,120.15,122.54,776778,NaN
2016-01-25,122.4,122.4,117.9,118.71,950386,NaN
2016-01-26,119,119.72,116.74,118.6,1099210,NaN
2016-01-27,119.02,119.92,117.24,118.62,973515,NaN
2016-01-28,119,119,112.57,113.39,1942022,NaN
2016-01-29,114.36,116.35,110.14,116,1925051,NaN
2016-02-01,115.72,120.86,114.76,120.62,1619293,NaN
2016-02-02,119.15,120.505,114.37,115.19,1474512,NaN
2016-02-03,115.77,116.24,109.13,111.33,2394940,NaN
2016-02-04,111.09,111.98,108.59,109.82,1449853,NaN
2016-02-05,109.23,109.965,103.32,105.18,2718122,NaN
2016-02-08,104.67,105.75,98.15,100.44,2062335,NaN
2016-02-09,99.7,101.16,94.01,96.28,2489757,NaN
2016-02-10,97.06,99.495,96.15,96.91,1725455,NaN
2016-02-11,95,96.57,93.45,94.71,1460091,NaN
2016-02-12,95.51,99.04,94.36,98.63,1131367,NaN
2016-02-16,100.1,105.48,100,104.15,1916213,NaN
2016-02-17,105.31,107.57,103.32,105.37,1799018,NaN
2016-02-18,103.3,104.96,102.06,103.93,1504361,NaN
2016-02-19,104.16,105.8,102.28,103.82,1132410,NaN
2016-02-22,104.05,104.5,102.47,103.04,1276583,NaN
2016-02-23,102.83,103,98.75,100.17,2224512,NaN
2016-02-24,98.26,98.32,95.88,97.97,3060941,NaN
2016-02-25,98.01,99.61,96.05,97.17,1586071,NaN
2016-02-26,98.02,100.37,96.77,99.13,1588769,NaN
2016-02-29,109,112.49,108,108.4,6490642,NaN
2016-03-01,110.57,112.95,109.77,112.46,2216762,NaN
2016-03-02,112.26,115.4,111.38,112.96,1630037,NaN
2016-03-03,111.93,114.78,111,112,2319883,NaN
2016-03-04,112.31,113.49,111.33,111.86,1248502,NaN
2016-03-07,111.31,113.09,111.31,112.16,1215634,NaN
2016-03-08,111.49,112.15,107.49,109.01,1158039,NaN
2016-03-09,110,110.92,106.3,108.09,1369494,NaN
2016-03-10,109.51,111.37,107.74,109.65,967376,NaN
2016-03-11,110.24,112.48,109.92,111.21,970704,NaN
2016-03-14,110.64,112.5,110.39,111.95,1461258,NaN
2016-03-15,111.26,111.89,110.3,111.55,936867,NaN
2016-03-16,111.42,114.67,111.42,113.52,1151134,NaN
2016-03-17,113.5,116.88,113.15,116.05,1367613,NaN
2016-03-18,116.82,118.8,115.65,117.43,1577298,NaN
2016-03-21,117.27,118.19,116.22,118.03,1016168,NaN
2016-03-22,116.92,119.04,116.53,118.29,1008332,NaN
2016-03-23,118.29,118.94,115.71,118.01,1402383,NaN
2016-03-24,124.76,125.45,120.04,121.42,3463449,NaN
2016-03-28,121.7,123.67,120.81,122.75,1442697,NaN
2016-03-29,122.85,123.83,121.65,122.91,1166753,NaN
2016-03-30,123.05,123.8,119.63,119.68,1898187,NaN
2016-03-31,120.8,124.1,120.29,124.03,1202327,NaN
2016-04-01,123,124.85,122.51,123.97,1484701,NaN
2016-04-04,124,124.09,120.8,121.03,881734,NaN
2016-04-05,119.54,121.09,118.5,119.86,592125,NaN
2016-04-06,119.91,121.34,118.99,120.04,672090,NaN
2016-04-07,119.67,121.47,115.33,116.07,1523887,NaN
2016-04-08,116.62,117.27,112.86,114,1491879,NaN
2016-04-11,114.92,115.02,111.84,112.25,1215150,NaN
2016-04-12,112.41,113.12,110.58,112.51,891081,NaN
2016-04-13,112.99,115.85,112.99,115.38,1250970,NaN
2016-04-14,115.47,115.47,112.49,112.6,1449897,NaN
2016-04-15,112.73,113.3438,111.01,112.1,852053,NaN
2016-04-18,111.4,113.79,111.4,113.21,964882,NaN
2016-04-19,113.88,114,110.36,111.89,777061,NaN
2016-04-20,112.23,113.15,109.83,112.19,1316779,NaN
2016-04-21,112.8,113.07,111.911,112.11,685842,NaN
2016-04-22,112,113.02,111.46,111.91,968473,NaN
2016-04-25,111.68,111.68,109.1,109.36,789473,NaN
2016-04-26,109.08,111.68,108.42,111.51,722762,NaN
2016-04-27,111.08,112.41,110.51,111.92,446212,NaN
2016-04-28,110.15,111.81,108.41,108.69,639689,NaN
2016-04-29,108.48,108.88,107.07,108.56,649603,NaN
2016-05-02,109.23,109.81,108.01,109.48,553651,NaN
2016-05-03,108.21,111.13,107.75,109.4,866381,NaN
2016-05-04,108.43,110.14,108.28,109.48,510327,NaN
2016-05-05,109.3,109.62,107.9,108.7,906229,NaN
2016-05-06,108.01,108.83,105.79,107.99,897089,NaN
2016-05-09,107.93,108.67,107.36,107.62,854776,NaN
2016-05-10,107.18,108.99,107.18,108.11,960126,NaN
2016-05-11,106.77,106.96,102.15,103.98,2342613,NaN
2016-05-12,103.98,105.68,103.11,104.1,904270,NaN
2016-05-13,103.98,104.4,102.24,103.1,1207152,NaN
2016-05-16,103.03,106.95,103.03,106.2,993662,NaN
2016-05-17,106.32,108.4355,105.08,106.1,789208,NaN
2016-05-18,105.32,107.535,105.06,106.76,794823,NaN
2016-05-19,106.06,109.125,105.23,108.67,1388859,NaN
2016-05-20,108.51,108.67,106.06,107.2,1192375,NaN
2016-05-23,107.37,109.42,106.78,107.95,1452434,NaN
2016-05-24,108.03,108.52,105.55,105.78,1751535,NaN
2016-05-25,105.97,108.81,105.95,108.37,2235772,NaN
2016-05-26,108.98,109.09,95.99,97,9944663,NaN
2016-05-27,96.08,99.7988,96.05,99.58,3783802,NaN
2016-05-31,99.37,99.7,97.85,98.97,2047191,NaN
2016-06-01,98.76,99.28,98.01,98.73,1500031,NaN
2016-06-02,98.66,99.03,84.8,92.23,11586734,NaN
2016-06-03,92.14,92.395,87.48,88.19,3836970,NaN
2016-06-06,87.47,87.7399,84.27,86.39,4354597,NaN
2016-06-07,86.5,86.71,84.15,85.9,2970985,NaN
2016-06-08,86.84,90.5,86.1,89.31,4562124,NaN
2016-06-09,89,90.68,88.42,89.6,2611303,NaN
2016-06-10,88.23,90.11,87.9,89.13,2418892,NaN
2016-06-13,89,89.1,85.32,85.51,1463149,NaN
2016-06-14,85.57,85.6,81.69,83.87,2895785,NaN
2016-06-15,84.36,84.73,82.79,82.99,2123682,NaN
2016-06-16,82.82,83.58,81.32,82.02,1576280,NaN
2016-06-17,82.01,85.55,81.97,84.9,2741126,NaN
2016-06-20,85.82,89.465,85.82,86.01,2802002,NaN
2016-06-21,86.09,86.88,84.22,85.23,1736542,NaN
2016-06-22,85.12,85.93,84.7,85.47,1439060,NaN
2016-06-23,85.54,86.62,85,86.56,1606716,NaN
2016-06-24,84.35,85.27,81.65,82.02,2846438,NaN
2016-06-27,81.16,81.59,77,79.26,4621252,NaN
2016-06-28,81.01,82.91,79.92,80.72,1423033,NaN
2016-06-29,81.51,82.87,81.5,82,1350355,NaN
2016-06-30,82,82.75,80.835,82.41,1822761,NaN
2016-07-01,82.27,84.8,82.27,84.15,1241104,NaN
2016-07-05,82.88,84.1,79.35,81.29,1816467,NaN
2016-07-06,80.83,82.54,80.28,82.08,1632377,NaN
2016-07-07,82.35,84.49,81.68,82.47,803008,NaN
2016-07-08,82.47,84.71,82.47,84.23,984124,NaN
2016-07-11,84.78,87.78,84.78,87.78,2072816,NaN
2016-07-12,88.37,89.9,88.37,89.07,2148471,NaN
2016-07-13,89.06,89.24,87.56,88.77,1099391,NaN
2016-07-14,89.66,91.59,89.24,91.59,2416773,NaN
2016-07-15,91.7,91.76,90,90.34,1790845,NaN
2016-07-18,90.48,92.666,90.41,92.26,1456683,NaN
2016-07-19,91.84,91.92,89.77,90.39,1353577,NaN
2016-07-20,90.96,90.99,89.13,89.55,1697909,NaN
2016-07-21,89.55,89.83,86.97,87.46,1922286,NaN
2016-07-22,87.82,89.729,87.3601,89.53,1572215,NaN
2016-07-25,89.54,89.79,88.78,88.86,910626,NaN
2016-07-26,89.22,89.5,87.99,89.46,1258431,NaN
2016-07-27,88.39,89.97,86.63,87.22,1732824,NaN
2016-07-28,87.22,87.43,85.57,86.92,1464005,NaN
2016-07-29,86.95,88.08,84.941,87.91,1669923,NaN
2016-08-01,87.86,88.1,86.27,86.69,776272,NaN
2016-08-02,86.52,86.7,83.4601,83.59,1052752,NaN
2016-08-03,82.93,84.53,81.86,84.39,1001378,NaN
2016-08-04,84.6,86.21,83.86,86.21,1139715,NaN
2016-08-05,86.65,87.91,86.395,87,957095,NaN
2016-08-08,87.03,88.37,86.98,87.9,775696,NaN
2016-08-09,87.66,88.44,86.65,87.67,1026284,NaN
2016-08-10,87.74,89.09,86.94,87.07,601097,NaN
2016-08-11,88.17,90.85,88.17,90.62,1040263,NaN
2016-08-12,90.1,91.5,89.85,91.22,709517,NaN
2016-08-15,91.26,94.18,91.26,92.67,1646050,NaN
2016-08-16,92.28,93,89.37,92.43,956793,NaN
2016-08-17,92.57,92.67,90.07,90.96,1153511,NaN
2016-08-18,90.68,93.058,90.17,92.94,985025,NaN
2016-08-19,92.64,95.34,92.23,93.05,1046281,NaN
2016-08-22,92.02,93.35,91.63,92.41,951762,NaN
2016-08-23,92.59,95.3,92.59,94.99,1932563,NaN
2016-08-24,94.74,96.2,94.32,95.5,2402174,NaN
2016-08-25,85.3,87.73,78.71,83.44,10811041,NaN
2016-08-26,82.29,82.45,78.71,80.65,5141839,NaN
2016-08-29,80.35,82.29,79.18,80.18,1589774,NaN
2016-08-30,78.37,81.13,78.2,79.93,2071772,NaN
2016-08-31,79.97,82.38,79.94,81.98,1780860,NaN
2016-09-01,81.35,82.23,78.86,80.63,1620013,NaN
2016-09-02,81.39,83.34,80.85,82,1134329,NaN
2016-09-06,82.09,82.2,80.6,81.1,1804150,NaN
2016-09-07,81.38,82.57,80.82,82.48,743115,NaN
2016-09-08,82.4,82.42,81.51,81.77,758647,NaN
2016-09-09,80.69,80.95,76.88,76.9,2449945,NaN
2016-09-12,76.6,78.93,76.1,78.54,1753843,NaN
2016-09-13,77.11,79.16,77.09,78.97,1620383,NaN
2016-09-14,79.03,80.44,78.72,79.19,2247671,NaN
2016-09-15,78.69,79.93,78.59,79,1368028,NaN
2016-09-16,78.75,79.3,77.36,77.77,2228427,NaN
2016-09-19,77.91,78.73,77.05,77.2,1572152,NaN
2016-09-20,77.39,77.97,75.2,75.52,1214881,NaN
2016-09-21,76,76.72,74.89,75.81,1408806,NaN
2016-09-22,76.46,78.13,76.34,77.27,1857626,NaN
2016-09-23,76.94,79.08,76.8,78.97,1438322,NaN
2016-09-26,78.57,78.63,76.23,76.31,1057448,NaN
2016-09-27,76.26,76.31,74.14,74.69,1815917,NaN
2016-09-28,74.95,75.57,73.84,74.9,1322931,NaN
2016-09-29,74.79,75.46,72.73,73.16,1445783,NaN
2016-09-30,73.69,74.78,72.65,74.53,1315281,NaN
2016-10-03,74.29,75.81,74.23,75.72,1119067,NaN
2016-10-04,76.19,78.18,75.89,77.82,1546237,NaN
2016-10-05,78.37,82.11,78.29,81.43,2803627,NaN
2016-10-06,81.36,82.29,80.42,81.53,1347443,NaN
2016-10-07,82.03,82.24,79.61,80.07,1324133,NaN
2016-10-10,80.29,81.97,80.29,81.56,810339,NaN
2016-10-11,80.98,82.28,80.19,80.4,1311052,NaN
2016-10-12,80.4,81.69,80.3,81.06,951281,NaN
2016-10-13,80.4,81.59,80.38,81.05,1230175,NaN
2016-10-14,81.82,82.89,80.91,81.05,819515,NaN
2016-10-17,80.83,81.46,79.36,79.68,822790,NaN
2016-10-18,80,81.36,80,80.4,662371,NaN
2016-10-19,80.46,81.92,79.98,80.9,643356,NaN
2016-10-20,80.89,81.67,80.73,80.93,884743,NaN
2016-10-21,80.17,81.62,79.46,80.01,893570,NaN
2016-10-24,80.35,80.735,79.42,79.72,899556,NaN
2016-10-25,78.98,81.17,78.65,81.16,845436,NaN
2016-10-26,80.35,83.26,80.2,82.46,1149887,NaN
2016-10-27,82.63,83.39,80,80.16,828069,NaN
2016-10-28,79.91,82.29,79.91,80.41,861396,NaN
2016-10-31,80.81,81.74,80.75,81.26,716759,NaN
2016-11-01,81.17,81.79,79.91,80.72,1267651,NaN
2016-11-02,80.46,81.12,79.465,80.2,1147143,NaN
2016-11-03,80.59,82.39,79.915,80.78,1399155,NaN
2016-11-04,80.8,83.04,80.62,81.39,1055028,NaN
2016-11-07,82.41,84.73,82.4,83.63,984669,NaN
2016-11-08,83.62,83.96,82.21,82.87,783466,NaN
2016-11-09,81.36,86.9,81.21,86.75,1513288,NaN
2016-11-10,87.43,91.03,87.17,89.79,1545014,NaN
2016-11-11,89.76,90.66,89.23,90.12,1206878,NaN
2016-11-14,90.87,93.16,90.3175,92.44,1568713,NaN
2016-11-15,93.25,94.44,88,89.6,3213095,NaN
2016-11-16,89.1,91.64,88.39,90.85,1192581,NaN
2016-11-17,91.13,92.28,90.47,92.12,1576698,NaN
2016-11-18,91.37,91.37,87.68,88.96,1787662,NaN
2016-11-21,89.23,89.56,86.74,88.88,2561350,NaN
2016-11-22,98.97,101.46,89.86,90.79,5864715,NaN
2016-11-23,90.91,94.1275,90.1905,93.86,1353262,NaN
2016-11-25,94.29,94.93,92.53,93.07,490020,NaN
2016-11-28,92.93,94.49,92,92.24,1149141,NaN
2016-11-29,92.97,94,91.57,91.82,1398041,NaN
2016-11-30,91.66,93.63,90.665,91.29,1337551,NaN
2016-12-01,91.83,93.09,91.07,91.25,1237389,NaN
2016-12-02,91.62,92.98,90.83,92.07,1459323,NaN
2016-12-05,92.7,94.13,92.1,93.64,1598717,NaN
2016-12-06,92.25,94.22,92.25,93.98,1871621,NaN
2016-12-07,94.5,95.55,93.56,95.29,1253693,NaN
2016-12-08,95,99.19,94.2,98.05,1530000,NaN
2016-12-09,97.7,98.88,96.34,98.72,1782235,NaN
2016-12-12,98.49,98.72,96.22,96.39,956932,NaN
2016-12-13,96.47,97.04,94.33,96.17,900746,NaN
2016-12-14,96.58,96.87,94.4,94.97,961722,NaN
2016-12-15,95.31,96.75,94.815,95.02,849914,NaN
2016-12-16,94.97,95.87,93.25,94.07,2840293,NaN
2016-12-19,94,95.81,94,94.41,837330,NaN
2016-12-20,95,96.2,94.465,95.18,596247,NaN
2016-12-21,95.05,95.61,94.06,94.76,679395,NaN
2016-12-22,94.28,95.445,93.21,93.4,1210688,NaN
2016-12-23,93.71,94.78,92.6501,93.21,948107,NaN
2016-12-27,93.14,95,93.14,93.71,1132430,NaN
2016-12-28,94.18,94.95,92.96,93.7,936007,NaN
2016-12-29,93.74,95.04,93.4,93.95,709593,NaN
2016-12-30,93.91,94.99,93.54,94.26,979480,NaN
2017-01-03,94.79,95.92,93.97,94.94,1337702,NaN
2017-01-04,95.37,96.3899,95.09,95.63,1050774,NaN
2017-01-05,94.45,94.45,87.33,87.97,2754551,NaN
2017-01-06,88.01,88.53,87.12,88.22,1136015,NaN
2017-01-09,87.84,88.1,85.25,86.12,1304145,NaN
2017-01-10,85.96,87.99,85.67,87.46,1122172,NaN
2017-01-11,81.65,85.3,81.5,84.7,4111540,NaN
2017-01-12,84.13,86.35,83.53,84.36,3726780,NaN
2017-01-13,84.8,85.3,79.96,80.78,3152030,NaN
2017-01-17,80.68,83.17,80.52,81.15,1635868,NaN
2017-01-18,81.23,82.06,79.66,82.03,1327312,NaN
2017-01-19,81.97,82.46,80.35,80.77,742825,NaN
2017-01-20,81.05,81.95,80.28,80.72,840776,NaN
2017-01-23,80.52,81.03,80.02,80.91,727273,NaN
2017-01-24,81.41,82.93,80.85,82.73,832653,NaN
2017-01-25,82.68,84.25,82.52,82.98,1190552,NaN
2017-01-26,83.13,83.6899,81.9101,81.95,618847,NaN
2017-01-27,81.94,81.94,79.93,79.99,785948,NaN
2017-01-30,79.86,80.14,78.19,79.16,816526,NaN
2017-01-31,78.66,79.13,76.32,77.67,2117321,NaN
2017-02-01,77.19,78.56,76.86,77.01,1510895,NaN
2017-02-02,77.25,77.25,75.77,76.12,1204792,NaN
2017-02-03,76.67,77.41,76.2,76.3,983324,NaN
2017-02-06,76.22,76.37,73.46,74.06,3229425,NaN
2017-02-07,74.3,74.95,71.89,71.95,1985249,NaN
2017-02-08,71.8,72.62,70.79,72.45,1954427,NaN
2017-02-09,72.55,74.12,72.39,73.62,1873086,NaN
2017-02-10,73.74,74.07,72.15,72.89,1460524,NaN
2017-02-13,73.5,73.695,72.5,73.1,890478,NaN
2017-02-14,73,75.47,73,74.62,1019457,NaN
2017-02-15,74.63,75.7,74,75.45,895922,NaN
2017-02-16,75.1,75.78,73.3322,73.48,874754,NaN
2017-02-17,73.4,74.78,72.86,73.91,909557,NaN
2017-02-21,74.41,75.565,73.52,74.49,1212116,NaN
2017-02-22,74.52,74.69,73.07,73.61,798276,NaN
2017-02-23,73.67,74.145,72.33,72.38,1264474,NaN
2017-02-24,72.39,74.61,72.05,73.8,1492173,NaN
2017-02-27,73.75,74.74,72.79,72.88,849533,NaN
2017-02-28,69.17,69.75,63.25,63.59,11317083,NaN
2017-03-01,63.81,66.06,62.73,64.88,4288655,NaN
2017-03-02,64.68,65.96,63.84,65.96,1900395,NaN
2017-03-03,65.9,66.38,62.8,64.58,3314076,NaN
2017-03-06,64.25,65.859,62.56,65.6,3650916,NaN
2017-03-07,64.68,64.99,62.095,63.25,3019105,NaN
2017-03-08,63.19,64.48,63.001,64.4,2092826,NaN
2017-03-09,62.88,70.61,62.75,70.02,7721123,NaN
2017-03-10,70.24,73.9,69.7,69.81,4199473,NaN
2017-03-13,69.93,69.93,68.15,68.68,1924962,NaN
2017-03-14,68.73,68.99,67.8,67.83,1258233,NaN
2017-03-15,68.1,68.66,67.515,68.36,997192,NaN
2017-03-16,68.25,69.17,67.97,68.86,917159,NaN
2017-03-17,69.42,70.26,67.49,68.25,1927793,NaN
2017-03-20,68.25,68.5,67.07,67.5,923876,NaN
2017-03-21,67.97,68.14,66.1,66.51,1555140,NaN
2017-03-22,66.39,67.67,65.3,67.49,1443459,NaN
2017-03-23,67.65,68.8,67.11,68.24,1190336,NaN
2017-03-24,68.15,68.74,66.985,68.27,1231933,NaN
2017-03-27,67.56,70.78,67.48,69.66,2080135,NaN
2017-03-28,69.64,70.57,69.15,70.46,1078401,NaN
2017-03-29,70.81,71.8,70.44,71.03,1031764,NaN
2017-03-30,70.69,71.37,69.86,70.67,924514,NaN
2017-03-31,70.59,71.06,69.22,69.27,1656711,NaN
2017-04-03,69.35,69.36,67.3,68.09,1517436,NaN
2017-04-04,67.75,68,65.67,66.22,1488497,NaN
2017-04-05,66.52,67.719,66.23,66.47,1107504,NaN
2017-04-06,66.94,68.3879,66.81,67.5,1018273,NaN
2017-04-07,67.39,68.51,67.04,68.18,763628,NaN
2017-04-10,68.41,69.8,68.05,68.64,805407,NaN
2017-04-11,68.54,68.81,66.97,67.96,701613,NaN
2017-04-12,67.88,67.88,66.62,67.05,701799,NaN
2017-04-13,66.99,67.28,66.35,66.67,661755,NaN
2017-04-17,66.98,67.17,66.33,66.92,684720,NaN
2017-04-18,66.82,67.03,65.43,65.86,897102,NaN
2017-04-19,66.25,66.81,65.96,66.17,621437,NaN
2017-04-20,66.64,67.57,66.3,67.41,685871,NaN
2017-04-21,67.37,67.72,65.99,66.14,713863,NaN
2017-04-24,67.09,67.35,66.03,66.1,588651,NaN
2017-04-25,66.38,67.1,66.0121,66.87,823339,NaN
2017-04-26,66.57,67.98,66.4,67.32,630511,NaN
2017-04-27,67.25,67.34,65.96,66.27,574209,NaN
2017-04-28,66.35,66.67,65.1,65.84,910256,NaN
2017-05-01,65.95,67.06,65.3114,65.4,1228218,NaN
2017-05-02,65.41,65.94,64.88,65.68,1013031,NaN
2017-05-03,65.68,66.38,64.76,65.01,701828,NaN
2017-05-04,65.27,65.37,63.88,63.9,516020,NaN
2017-05-05,64.14,66.16,63.25,65.01,1344289,NaN
2017-05-08,65.2,65.3,64.38,64.46,712326,NaN
2017-05-09,64.55,65.42,64.01,64.95,651220,NaN
2017-05-10,64.93,64.93,62.651,63.04,1327337,NaN
2017-05-11,62.63,62.8335,60.61,61.68,1065100,NaN
2017-05-12,61.32,61.32,59.85,60.13,1030708,NaN
2017-05-15,60.19,60.78,59.59,60.19,1300712,NaN
2017-05-16,60.15,60.15,58.2,58.52,1327306,NaN
2017-05-17,58.27,59.5,57.87,58.9,1915856,NaN
2017-05-18,59.08,60.58,59.08,59.33,1122455,NaN
2017-05-19,59.26,59.91,58.25,58.65,1377933,NaN
2017-05-22,58.52,60.09,58.24,59.77,1447030,NaN
2017-05-23,59.71,59.87,58.33,58.38,1224527,NaN
2017-05-24,55.42,55.96,52.86,54.53,4381366,NaN
2017-05-25,55.25,56.03,49.81,50.3,9345786,NaN
2017-05-26,50.15,50.96,48.1,49.31,4941851,NaN
2017-05-30,49.17,49.61,47.51,47.88,4691032,NaN
2017-05-31,47.85,48.22,46.09,48.1,4064241,NaN
2017-06-01,48.33,52.9,48.12,52.41,5145853,NaN
2017-06-02,52.17,53.35,51.83,53.01,2279747,NaN
2017-06-05,52.82,53.25,52.59,52.87,2491433,NaN
2017-06-06,51.92,54.39,51.02,53.95,3156272,NaN
2017-06-07,54.24,56.92,53.95,56.11,3573412,NaN
2017-06-08,56.44,58.2,56.12,56.97,2434961,NaN
2017-06-09,57.09,60.33,57.03,59.49,2999913,NaN
2017-06-12,59.48,61.1,58.88,59.89,2796909,NaN
2017-06-13,59.86,60.6799,59.04,59.16,2928497,NaN
2017-06-14,59.38,60.15,58.32,59.97,2088329,NaN
2017-06-15,59.85,60.46,59.05,59.91,1829919,NaN
2017-06-16,59.72,60.45,58.195,60.44,2190005,NaN
2017-06-19,60.52,61.07,60.03,60.85,1837911,NaN
2017-06-20,60.85,61.09,59.44,59.5,2060732,NaN
2017-06-21,59.45,59.5,55.62,56.2,2324569,NaN
2017-06-22,56.33,57.43,55.57,56.98,1312126,NaN
2017-06-23,56.69,58.48,55.74,58.41,2735084,NaN
2017-06-26,58.42,60.49,58.041,60.25,1150928,NaN
2017-06-27,60.25,63.71,60.25,63,2424829,NaN
2017-06-28,63.22,63.92,62.89,63.05,2051229,NaN
2017-06-29,63.25,65.48,62.33,63.7,1608818,NaN
2017-06-30,63.68,63.8,62.32,63.24,1299819,NaN
2017-07-03,63.93,64.39,62.59,63.54,1052428,NaN
2017-07-05,63.42,64.29,62.36,64.09,1221057,NaN
2017-07-06,63.62,64.085,61.31,61.57,1467082,NaN
2017-07-07,61.48,62.25,60.78,62.04,1294598,NaN
2017-07-10,61.83,61.83,60.09,60.93,1168129,NaN
2017-07-11,60.98,60.98,59.02,60.11,1688572,NaN
2017-07-12,60.26,60.67,59.03,59.09,1152043,NaN
2017-07-13,59.38,60.77,59.22,60.52,1352693,NaN
2017-07-14,60.64,61.35,59.8401,59.88,1694912,NaN
2017-07-17,59.66,60.68,58.4,58.56,1861223,NaN
2017-07-18,58.59,59.09,56.2,57.11,1791000,NaN
2017-07-19,57.64,58.79,57.13,58.42,1099635,NaN
2017-07-20,58.73,59.73,58.02,58.78,1078998,NaN
2017-07-21,58.92,59.09,58.16,58.75,713719,NaN
2017-07-24,58.52,59.1392,57.49,58.27,870357,NaN
2017-07-25,58.52,61.71,58.495,61.47,2003486,NaN
2017-07-26,61.26,61.35,59.67,60.89,1014246,NaN
2017-07-27,61,62.4,60.71,62.33,1158864,NaN
2017-07-28,62.25,62.58,60.91,61.51,693700,NaN
2017-07-31,61.63,61.63,60.47,61.16,651331,NaN
2017-08-01,61.18,61.72,60.09,61.39,716407,NaN
2017-08-02,60.91,61.3,58.63,58.88,794632,NaN
2017-08-03,58.61,60.351,58.53,59.93,884640,NaN
2017-08-04,60.1,61.2,60.1,60.86,1046890,NaN
2017-08-07,60.89,62.03,60.05,61.97,868310,NaN
2017-08-08,61.74,62.84,60.69,62,1181852,NaN
2017-08-09,61.42,62.21,59.58,60.25,1547496,NaN
2017-08-10,59.45,59.55,54.9,55.65,2136060,NaN
2017-08-11,55.42,57.19,55.11,56.54,1477379,NaN
2017-08-14,57.11,57.6,56.11,56.3,1208234,NaN
2017-08-15,56.16,56.16,53.15,53.57,2555917,NaN
2017-08-16,53.93,54.32,52.83,53.89,1358882,NaN
2017-08-17,53.71,56.53,52.51,54.1,2027999,NaN
2017-08-18,53.76,54.43,52.73,53.59,1167552,NaN
2017-08-21,53.69,53.99,52.45,52.82,1498633,NaN
2017-08-22,52.94,53.42,51.84,52.15,1769176,NaN
2017-08-23,52.02,52.95,51.09,51.89,3010754,NaN
2017-08-24,62.29,63.99,59.92,60.54,12460373,NaN
2017-08-25,62,65.22,61.32,62.68,5573384,NaN
2017-08-28,63.69,64.18,61.86,62.69,2379236,NaN
2017-08-29,62.21,63.08,60.91,62.77,1882600,NaN
2017-08-30,62.52,63.64,62.36,62.92,1360953,NaN
2017-08-31,63.28,63.85,62.5,63.07,1372933,NaN
2017-09-01,63.22,64.56,62.8,64.36,1516664,NaN
2017-09-05,64.37,64.79,62.95,64.56,1702599,NaN
2017-09-06,64.98,65.97,64.54,65.67,1490619,NaN
2017-09-07,65.93,66.13,64.33,64.89,1579586,NaN
2017-09-08,65.37,65.95,64.575,65.49,1178957,NaN
2017-09-11,65.72,66.79,65.49,66.24,1468731,NaN
2017-09-12,66.61,69.02,66.04,68.3,2163546,NaN
2017-09-13,68.2,69.33,68.2,68.73,1391681,NaN
2017-09-14,68.73,69.46,66.69,68.88,1727000,NaN
2017-09-15,68.6,70.245,68,69.75,2703286,NaN
2017-09-18,69.95,69.95,67.44,67.5,1314038,NaN
2017-09-19,67.56,67.76,65.6,67.1,1571933,NaN
2017-09-20,67.45,67.45,64.63,64.91,1986241,NaN
2017-09-21,64.91,65.62,64.23,64.58,1082005,NaN
2017-09-22,64.31,64.69,63.94,64.39,759903,NaN
2017-09-25,64.39,65.85,64.171,65.69,1094451,NaN
2017-09-26,65.28,66.345,65.2,65.45,1351936,NaN
2017-09-27,65.52,66.86,65.19,66.55,1535133,NaN
2017-09-28,66.61,67.73,66.26,67.1,857793,NaN
2017-09-29,67.37,67.735,66.52,66.55,753150,NaN
2017-10-02,66.79,66.93,64.8,66.13,1058518,NaN
2017-10-03,66.25,67.75,65.51,67.63,1181853,NaN
2017-10-04,67.5,67.725,66.47,66.88,1241269,NaN
2017-10-05,66.9,67.96,65.65,67.65,1000126,NaN
2017-10-06,67.4,68.23,67.23,67.32,970785,NaN
2017-10-09,67.56,67.655,65.19,65.56,751102,NaN
2017-10-10,65.46,67.6,65.31,66.45,918630,NaN
2017-10-11,66.28,66.69,63.95,64.09,1216176,NaN
2017-10-12,63.72,63.82,61.2042,61.59,2178543,NaN
2017-10-13,61.66,62.1125,59.9,60.01,1607292,NaN
2017-10-16,60.02,61.21,60.02,60.6,1029161,NaN
2017-10-17,60.75,61.8,60.75,61.18,1061938,NaN
2017-10-18,61.37,62.62,61.1,61.45,1035182,NaN
2017-10-19,61.19,63.37,61.1,62.91,1383831,NaN
2017-10-20,63.39,66.12,63.39,65.96,2257175,NaN
2017-10-23,65.78,68.34,65.03,65.2,2077271,NaN
2017-10-24,65.5,66.63,64.9,66.52,1297793,NaN
2017-10-25,66.32,66.51,64.11,65.5,1048287,NaN
2017-10-26,65.32,65.9399,64.32,65.84,911715,NaN
2017-10-27,65.57,66.83,63.7,66.76,1273958,NaN
2017-10-30,66.12,66.12,64.32,64.36,1268101,NaN
2017-10-31,64.29,65.9,63.95,65.57,1418473,NaN
2017-11-01,66.3,68.22,65.33,66.47,1724652,NaN
2017-11-02,66.5,67.94,65.5,66.39,1662453,NaN
2017-11-03,66.37,66.785,65,65.39,1985411,NaN
2017-11-06,65.14,68.14,64.65,67.5,1636683,NaN
2017-11-07,67.59,68.6,65.98,66.83,1447225,NaN
2017-11-08,66.69,68.03,66.23,67.29,1101724,NaN
2017-11-09,67.1,71.24,66.81,70.85,2530578,NaN
2017-11-10,70.78,72.7,69.95,70.81,1346418,NaN
2017-11-13,70.72,71.64,68.63,69.49,1490654,NaN
2017-11-14,68.83,72.77,68.82,72.41,2635302,NaN
2017-11-15,72,75.57,71.38,73.77,2677405,NaN
2017-11-16,73.95,74.6001,71.83,74.2,1787871,NaN
2017-11-17,74.95,77.94,74.61,76.58,2848689,NaN
2017-11-20,76.64,76.8988,75.41,75.84,2826655,NaN
2017-11-21,59,61.06,52.5,52.79,18604145,NaN
2017-11-22,53.56,57.88,52.301,53.01,10380311,NaN
2017-11-24,52.98,53.069,49.33,49.8,3755563,NaN
2017-11-27,50.25,52.5,49.35,52.25,4214526,NaN
2017-11-28,51.85,53.19,51.0101,53.09,2919396,NaN
2017-11-29,52.82,53.87,50.66,52.38,3211447,NaN
2017-11-30,51.59,53.6,51.59,52.29,5203947,NaN
2017-12-01,52.65,53.65,51.76,51.99,2729471,NaN
2017-12-04,51.57,52.58,49.881,50.13,3374799,NaN
2017-12-05,49.97,50.83,49.08,50.43,1962977,NaN
2017-12-06,50.53,51.6,50.33,50.92,1722526,NaN
2017-12-07,51,52.8,50.88,51.31,1374151,NaN
2017-12-08,51.1,53.59,51.1,53.22,2415081,NaN
2017-12-11,53.26,53.715,51.86,52.76,1516245,NaN
2017-12-12,52.91,54.03,52.51,53.02,1517153,NaN
2017-12-13,53,54.905,52.7,53.89,2067506,NaN
2017-12-14,53.73,54.73,53,53.26,1440112,NaN
2017-12-15,53.75,54.95,53.2,53.75,3989784,NaN
2017-12-18,53.8,55.11,53.62,54.92,1873531,NaN
2017-12-19,55.31,55.453,53.01,53.25,2338204,NaN
2017-12-20,53.36,54.56,53.01,54.11,1358304,NaN
2017-12-21,54.51,56.145,54.22,55.75,1660839,NaN
2017-12-22,55.67,56.98,54.53,56.6,1671391,NaN
2017-12-26,56.67,59.3,56.67,57.74,2197999,NaN
2017-12-27,57.86,57.87,56.35,56.63,1260752,NaN
2017-12-28,56.81,57.03,55.06,55.92,1152361,NaN
2017-12-29,56.32,58.6,56.32,56.55,2421992,NaN
2018-01-02,56.74,58.22,54.87,55.29,2423420,NaN
2018-01-03,55.04,55.53,54.02,54.8,2078087,NaN
2018-01-04,54.57,56.4,54.29,55.8,2089108,NaN
2018-01-05,56.05,57.2,55.53,56.93,2140562,NaN
2018-01-08,57.17,59.1,57.17,57.44,3947318,NaN
2018-01-09,57.35,58.1416,56.31,56.59,2918770,NaN
2018-01-10,55.7,56.71,51.91,52.69,8792733,NaN
2018-01-11,52.7,56.28,52.39,55.22,5802621,NaN
2018-01-12,54.13,57.81,54.06,56.94,2838449,NaN
2018-01-16,57.4,58,56.02,56.79,2106632,NaN
2018-01-17,57.11,57.845,55.4,55.64,1766766,NaN
2018-01-18,55.34,56.63,55.25,55.99,1283440,NaN
2018-01-19,55.8,56.06,54.61,55.07,1902614,NaN
2018-01-22,55.11,56.05,54.01,55.87,1562001,NaN
2018-01-23,55.95,57.33,55.68,57.28,1062730,NaN
2018-01-24,57.21,58.59,55.85,55.92,1640778,NaN
2018-01-25,55.9,55.9,54.41,54.76,1448779,NaN
2018-01-26,54.7,55.74,54.251,55.3,1413306,NaN
2018-01-29,54.8,55.26,53.81,54.74,999279,NaN
2018-01-30,54.29,54.74,52.68,52.86,1276966,NaN
2018-01-31,53.14,53.8272,52.5,52.9,1617611,919400000
2018-02-01,52.52,53.67,51.84,52.64,1087946,919400000
2018-02-02,52.52,52.925,50.4,51.37,1965172,919400000
2018-02-05,50.65,51.56,48.86,48.88,2396659,919400000
2018-02-06,47.65,50,47.65,49.5,2207185,919400000
2018-02-07,49.54,51.06,49.46,50.14,1744606,919400000
2018-02-08,50.14,51.29,49.36,49.38,1104253,919400000
2018-02-09,49.95,50.21,47.04,48.96,1946917,919400000
2018-02-12,49.1,49.375,47.19,48.49,1533521,919400000
2018-02-13,48.69,49.7,48.27,49,968827,919400000
2018-02-14,48.88,52,48.59,51.12,2610667,919400000
2018-02-15,51.67,52.06,50.68,51.24,1296248,919400000
2018-02-16,51.24,52.59,51.24,51.33,1616162,919400000
2018-02-20,51.05,51.32,49.01,49.11,2658909,919400000
2018-02-21,49.74,51.06,49.31,50.07,1415676,919400000
2018-02-22,50.13,51.33,49.93,50.71,1620311,919400000
2018-02-23,51.01,52.99,50.98,52.25,2181639,919400000
2018-02-26,52.37,52.51,51.43,51.78,1156817,919400000
2018-02-27,52.12,53.24,50.635,50.64,1940745,919400000
2018-02-28,50.98,51.81,50.25,50.28,1675222,919400000
2018-03-01,50.28,51.79,49.68,51.6,1505969,919400000
2018-03-02,50.93,51.24,49.68,51.07,1216714,919400000
2018-03-05,50.78,51.55,50.145,50.35,1536987,919400000
2018-03-06,50.4,50.94,48.58,48.75,3628499,919400000
2018-03-07,48.36,49.71,48.06,49.44,2831521,919400000
2018-03-08,49.45,49.45,47.54,47.86,1752475,919400000
2018-03-09,48.45,49.365,48.32,48.9,1810949,919400000
2018-03-12,48.56,48.74,46.97,47.98,3177685,919400000
2018-03-13,48.01,49.37,47.75,47.91,3476589,919400000
2018-03-14,42.96,43.85,38.1,38.22,25956206,919400000
2018-03-15,37.66,39.585,37.4201,37.55,9057420,919400000
2018-03-16,37.6,39.01,37.6,38.68,16359061,919400000
2018-03-19,38.68,40,38.23,39.46,3800323,919400000
2018-03-20,38.57,38.96,38.18,38.27,2834106,919400000
2018-03-21,38.31,40.25,38.31,39.92,3146678,919400000
2018-03-22,39.5,40.39,39.06,39.42,2783465,919400000
2018-03-23,39.46,40.05,38.85,38.86,2663700,919400000
2018-03-26,39.17,39.46,37.61,38.5,2474564,919400000
2018-03-27,38.58,38.84,37.68,37.98,2110768,919400000
2018-03-28,37.72,38.75,37.2,38.23,2487514,919400000
2018-03-29,38.42,38.946,38.26,38.52,1556661,919400000
2018-04-02,38.55,38.67,35.7,36.08,2570686,919400000
2018-04-03,35.16,35.96,33.11,35.46,4614788,919400000
2018-04-04,35.1,37.01,34.99,36.88,3326079,919400000
2018-04-05,36.95,37.755,36.34,37.49,1879765,919400000
2018-04-06,37.35,37.94,36.82,37.43,2060876,919400000
2018-04-09,37.56,38.44,37.46,37.57,1566812,919400000
2018-04-10,38.1,38.94,37.41,37.66,2440661,919400000
2018-04-11,37.34,38.54,37.25,37.7,2382894,919400000
2018-04-12,37.89,39.13,37.7,38.48,1660965,919400000
2018-04-13,38.92,39.54,38.45,38.63,1832033,919400000
2018-04-16,38.61,39.91,38.456,39.63,2185576,919400000
2018-04-17,39.78,40.23,39.04,39.46,2008917,919400000
2018-04-18,40.19,40.91,39.39,39.63,1717514,919400000
2018-04-19,40.1,40.27,37.6,37.83,2237157,919400000
2018-04-20,38.02,39.36,37.73,38.65,2608720,919400000
2018-04-23,38.63,39.98,38.401,39.47,1160871,919400000
2018-04-24,39.61,39.82,38.86,39.49,1412926,919400000
2018-04-25,39.35,40.11,39.32,40.09,1104469,919400000
2018-04-26,40.11,40.46,39.86,40.18,783703,919400000
2018-04-27,40.4,40.98,40.2,40.67,1483333,919400000
2018-04-30,40.61,40.89,38.83,38.88,1229466,478700000
2018-05-01,38.82,38.98,37.56,38.69,1439761,478700000
2018-05-02,38.66,38.84,37.93,37.95,1639766,478700000
2018-05-03,37.48,37.92,36.76,37.19,1637828,478700000
2018-05-04,37.19,38.36,36.92,37.88,1291094,478700000
2018-05-07,37.9,37.9,36.4,37.37,1080828,478700000
2018-05-08,37.19,37.86,36.54,37.2,901520,478700000
2018-05-09,37.47,38.13,37.24,37.84,1010928,478700000
2018-05-10,37.99,38.74,37.87,38.29,819141,478700000
2018-05-11,38.41,38.49,37.76,38.13,776002,478700000
2018-05-14,38.34,39.41,37.95,38.08,1522926,478700000
2018-05-15,37.92,38.78,37.72,38.17,1134141,478700000
2018-05-16,38.4,39.36,38.29,38.84,1260606,478700000
2018-05-17,38.9,39.46,38.79,38.97,1020781,478700000
2018-05-18,38.96,39.89,38.96,39.49,1444146,478700000
2018-05-21,39.68,40.6,39.67,39.89,1073601,478700000
2018-05-22,40,40.09,39.12,39.84,1269375,478700000
2018-05-23,40.46,41.85,40.005,41.19,1858577,478700000
2018-05-24,41.46,42.59,41.11,42.53,1722410,478700000
2018-05-25,42.32,42.91,41.91,42.63,1769508,478700000
2018-05-29,42.28,42.64,41.38,42.59,2894358,478700000
2018-05-30,42.77,43.59,42.67,43.05,1420062,478700000
2018-05-31,43.17,43.37,42.07,43,2077362,478700000
2018-06-01,42.65,42.88,41.73,42.61,1354544,478700000
2018-06-04,42.78,43.75,42.76,43.7,2083050,478700000
2018-06-05,43.8,44.63,43.42,44.15,3411090,478700000
2018-06-06,50.01,55.37,49.97,52.27,18012061,478700000
2018-06-07,52.52,55.03,51.53,53.9,5187859,478700000
2018-06-08,53.99,55.8,53.61,55.41,3713460,478700000
2018-06-11,55.36,57.825,54.8,56.53,2776113,478700000
2018-06-12,56.74,58.48,56.31,57.92,2522356,478700000
2018-06-13,58.12,58.97,56.61,57.09,2948605,478700000
2018-06-14,56.9,56.96,54.39,55.51,3040563,478700000
2018-06-15,55.46,56.69,55.295,55.94,2346795,478700000
2018-06-18,55.64,57.97,55.26,57.39,2173120,478700000
2018-06-19,57.31,58.25,56.54,57.14,1875970,478700000
2018-06-20,57.13,60.36,57.13,59.17,2574689,478700000
2018-06-21,59.38,61.08,58.16,58.25,2328283,478700000
2018-06-22,58.63,58.91,57.17,58.09,8559735,478700000
2018-06-25,57.52,58.99,56.64,57.1,2292830,478700000
2018-06-26,57.45,58.115,56.62,58.03,1411666,478700000
2018-06-27,58.07,59.22,57.05,57.14,1584472,478700000
2018-06-28,57.2,58.15,56.69,57.74,1566968,478700000
2018-06-29,58.28,58.57,55.66,55.75,2078400,478700000
2018-07-02,55.65,56.89,55.251,56.11,1820899,478700000
2018-07-03,56.3,57.19,55.97,56.05,1396146,478700000
2018-07-05,56.27,58,56.11,57.85,2370361,478700000
2018-07-06,57.85,59.72,57.85,59,1689177,478700000
2018-07-09,59.13,60.3899,59.13,60.05,1604119,478700000
2018-07-10,60.1,60.81,58.84,59.52,1354981,478700000
2018-07-11,59.03,60.3499,58.9793,59.95,1262410,478700000
2018-07-12,59.96,60.65,59.36,59.94,927929,478700000
2018-07-13,59.69,60,58.1,58.14,1784800,478700000
2018-07-16,58.12,58.83,57.44,58.01,1320535,478700000
2018-07-17,57.68,59.26,57.68,58.59,1025127,478700000
2018-07-18,58.59,59.5549,58.3025,58.71,1143440,478700000
2018-07-19,58.71,60.7,58.71,60.66,923109,478700000
2018-07-20,60.5,61.28,59.96,60.29,1228716,478700000
2018-07-23,60.03,60.74,59.9116,60.05,1052458,478700000
2018-07-24,60.31,60.89,59.1,59.61,1805480,478700000
2018-07-25,59.18,60.31,59.18,60.26,1310358,478700000
2018-07-26,59.69,60.9,59.31,60.42,1011901,478700000
2018-07-27,60.48,61.25,60.25,60.92,1333608,478700000
2018-07-30,61.19,62.925,60.88,61.64,1916677,478700000
2018-07-31,59.73,60.33,56.57,57.74,2466232,490200000
2018-08-01,57.63,58.89,56.96,58.43,1270259,490200000
2018-08-02,57.75,59.32,57.49,59.12,815061,490200000
2018-08-03,59.13,60.18,57.91,58.91,823334,490200000
2018-08-06,58.8,59.51,58.49,59.46,790748,490200000
2018-08-07,59.5,59.98,58.675,59.79,846888,490200000
2018-08-08,59.92,60.61,59.3,59.67,665620,490200000
2018-08-09,59.91,60.05,58.98,59.71,524869,490200000
2018-08-10,59.63,60.2,58.55,59.85,754077,490200000
2018-08-13,59.84,60.46,59.03,59.52,838184,490200000
2018-08-14,60.05,62.82,60,62.73,1610246,490200000
2018-08-15,62.25,62.44,59.76,60.75,1419126,490200000
2018-08-16,60.9,61.45,60.59,60.91,629911,490200000
2018-08-17,60.69,62.7,60.69,62.4,658708,490200000
2018-08-20,62.14,64.09,62.14,63.7,1051665,490200000
2018-08-21,63.98,64.06,63.24,63.69,886263,490200000
2018-08-22,63.69,64.6,63.63,63.91,896882,490200000
2018-08-23,63.75,63.9,61.76,62.67,931581,490200000
2018-08-24,62.85,63.19,61.5,61.7,1223682,490200000
2018-08-27,61.92,62.2,58.21,58.43,2416422,490200000
2018-08-28,59.3,59.79,54.23,55.06,3726155,490200000
2018-08-29,55.33,55.46,53.96,54.65,3021546,490200000
2018-08-30,62.1,71.07,61.5,67.68,15119488,490200000
2018-08-31,67.68,69.51,63.72,64.2,4377696,490200000
2018-09-04,62.55,64.3,61.6201,63.18,2924332,490200000
2018-09-05,63.14,63.71,61.74,62.24,1205191,490200000
2018-09-06,62.41,64.72,62.41,64.02,1464383,490200000
2018-09-07,64.03,64.85,62.47,62.84,1211505,490200000
2018-09-10,63.21,64.76,62.94,64.59,1644915,490200000
2018-09-11,64.21,65.29,64.02,64.87,997920,490200000
2018-09-12,65.03,65.55,64.49,64.91,1039053,490200000
2018-09-13,64.36,65.37,64.16,64.85,1145193,490200000
2018-09-14,64.62,65.86,64.23,65.65,1182380,490200000
2018-09-17,65.3,67.8,65.15,67.68,1545165,490200000
2018-09-18,67.35,68.24,66.915,67.51,1073336,490200000
2018-09-19,67.32,67.875,66.43,67.33,1225536,490200000
2018-09-20,67.75,67.78,66.35,67.13,1817858,490200000
2018-09-21,67.72,68,66.55,66.63,3174717,490200000
2018-09-24,66.7,66.72,63.4,64.55,1484590,490200000
2018-09-25,65.1,65.36,64.38,64.77,715603,490200000
2018-09-26,64.91,66.29,64.71,65.89,854671,490200000
2018-09-27,66.12,66.39,65.415,65.7,918140,490200000
2018-09-28,65.6,66.71,65.43,65.93,766213,490200000
2018-10-01,66.14,66.2415,64.89,64.96,836569,490200000
2018-10-02,64.97,65.34,62.9,62.96,1177079,490200000
2018-10-03,62.98,63.62,62.53,63.21,685176,490200000
2018-10-04,63.22,63.77,62.05,63.02,1114427,490200000
2018-10-05,62.87,63.45,61.72,62.37,806752,490200000
2018-10-08,62.37,62.95,61.51,61.96,649450,490200000
2018-10-09,61.83,62.37,61.1983,61.36,808433,490200000
2018-10-10,61.32,61.65,59.68,59.9,1223753,490200000
2018-10-11,59.77,61.3,59.675,59.95,876252,490200000
2018-10-12,60.56,61.185,56.9667,58.03,1696316,490200000
2018-10-15,58.02,58.68,57.68,57.86,768142,490200000
2018-10-16,58.19,58.52,56.81,58.51,852846,490200000
2018-10-17,58.51,58.66,56.87,57.59,880918,490200000
2018-10-18,57.41,57.41,55.68,56.06,1335427,490200000
2018-10-19,56.01,56.72,53.54,53.58,1178037,490200000
2018-10-22,53.72,54.39,52.75,53.02,978483,490200000
2018-10-23,52.47,52.95,51.155,52.58,814042,490200000
2018-10-24,52.48,52.79,50.5,50.54,1498651,490200000
2018-10-25,50.66,52.39,50.41,51.57,1386787,490200000
2018-10-26,51.75,51.79,48.64,51.05,1814380,490200000
2018-10-29,51.61,54.6,51.03,54.6,1527077,490200000
2018-10-30,54.7,58.23,54.41,58.15,1529847,490200000
2018-10-31,58.56,59.46,56.03,56.05,2823663,371200000
2018-11-01,55.74,57.37,54.91,57.33,957378,371200000
2018-11-02,57.97,59.4,57.43,58.24,1369178,371200000
2018-11-05,58.1,61.27,57.02,60.99,1139014,371200000
2018-11-06,60.64,62.26,59.63,61.14,824668,371200000
2018-11-07,61.15,61.92,59.69,60.27,1029057,371200000
2018-11-08,60.15,60.7699,59.055,60.09,794413,371200000
2018-11-09,59.67,59.775,56.75,57.28,673256,371200000
2018-11-12,57.38,57.8,53.8,55.35,1517980,371200000
2018-11-13,55.49,57.32,55.052,55.94,1053232,371200000
2018-11-14,56.53,58.33,55.3984,56.28,1068098,371200000
2018-11-15,55.67,56.37,53.525,56.27,965549,371200000
2018-11-16,55.82,56.99,55.05,56.71,1075754,371200000
2018-11-19,56.53,57.77,52.69,53.12,890900,371200000
2018-11-20,51.95,52.71,50.73,50.96,1079730,371200000
2018-11-21,51.46,53.47,51.06,52.79,584473,371200000
2018-11-23,52.21,53.03,51.33,51.61,496344,371200000
2018-11-26,52.33,53.95,51.22,53.28,1091477,371200000
2018-11-27,52.94,53.34,51.62,52.78,1188770,371200000
2018-11-28,51.21,52.56,49.02,52.3,2516463,371200000
2018-11-29,51.96,52.75,51.19,51.84,1229764,371200000
2018-11-30,51.67,52.89,51.22,52.7,974860,371200000
2018-12-03,52.95,54.04,51.81,53.04,1430754,371200000
2018-12-04,53.04,53.9,49.32,50.03,2474512,371200000
2018-12-06,43.76,44.19,38.42,41,9379131,371200000
2018-12-07,40.22,42.28,38.4,38.55,3577828,371200000
2018-12-10,38.16,38.28,34.69,36.77,3347315,371200000
2018-12-11,37.25,37.4407,34.2628,34.68,2175029,371200000
2018-12-12,35,35.89,34.06,34.46,2693375,371200000
2018-12-13,34.65,34.97,32.82,33.08,2096372,371200000
2018-12-14,32.87,34.01,32.36,32.62,1415825,371200000
2018-12-17,32.3,32.57,31,31.49,2546205,371200000
2018-12-18,31.55,32.39,31,31.21,1513345,371200000
2018-12-19,31.41,32.64,31.1,31.27,1740311,371200000
2018-12-20,31.24,32.215,30.59,30.87,1868326,371200000
2018-12-21,30.7,32.05,29.94,30.08,2626164,371200000
2018-12-24,29.88,30.24,28.3,29.34,862415,371200000
2018-12-26,29.55,31.15,28.69,31.14,1287959,371200000
2018-12-27,30.55,31.39,29.93,31.36,807192,371200000
2018-12-28,31.66,32.11,30.8,31.31,802527,371200000
2018-12-31,31.47,31.95,30.96,31.77,889135,371200000
2019-01-02,31.02,33.2,30.77,33.07,1373194,371200000
2019-01-03,32.94,33.33,31.49,32.49,981216,371200000
2019-01-04,32.93,34.79,32.66,34.67,1446374,371200000
2019-01-07,34.67,35.46,33.85,34.97,1491560,371200000
2019-01-08,35.61,36.01,34.31,35.93,1237635,371200000
2019-01-09,36.14,37.2199,35.645,37.02,953674,371200000
2019-01-10,36.18,36.2,34.35,35.58,1524922,371200000
2019-01-11,35.49,36.08,34.9601,35.55,1189402,371200000
2019-01-14,35.34,35.34,33.79,34.25,1428098,371200000
2019-01-15,34.1,34.62,33.4,33.82,1016591,371200000
2019-01-16,33.85,34.31,33.07,33.36,1116644,371200000
2019-01-17,27.39,27.9,24.97,25.13,15732437,371200000
2019-01-18,24.79,25.78,24.41,25.41,5058528,371200000
2019-01-22,25.05,25.22,23.64,23.94,3310258,371200000
2019-01-23,23.88,24.8,23.85,24.4,1965993,371200000
2019-01-24,24.31,24.85,24.2,24.55,1486044,371200000
2019-01-25,24.62,25.17,24.415,25.15,2879756,371200000
2019-01-28,24.96,25.65,24.77,25.25,1333492,371200000
2019-01-29,24.86,24.9944,24.1,24.21,1517438,371200000
2019-01-30,24.19,24.66,23.9003,24.3,1634205,371200000
2019-01-31,23.9,24.36,23.8135,24.36,1395155,876800000
2019-02-01,24.25,24.4,23.67,23.97,1463842,876800000
2019-02-04,23.95,24.48,23.61,24.22,1735378,876800000
2019-02-05,24.65,25.48,24.45,24.59,2984974,876800000
2019-02-06,24.6,24.94,24.22,24.67,2182711,876800000
2019-02-07,24.3,24.79,23.83,24.48,1420335,876800000
2019-02-08,24.34,24.55,23.97,24.25,1283008,876800000
2019-02-11,24.3,25.2,24.15,25.13,1143989,876800000
2019-02-12,25.18,25.54,25,25.13,1203572,876800000
2019-02-13,25.22,25.45,24.7996,25.37,914606,876800000
2019-02-14,25.16,25.76,24.7055,25.51,925857,876800000
2019-02-15,25.6,26.19,25.54,25.89,1385127,876800000
2019-02-19,25.9,26.04,25.082,25.31,1435718,876800000
2019-02-20,25.35,26.4,25.35,26.12,1434121,876800000
2019-02-21,26.17,26.47,25.47,25.5,1477353,876800000
2019-02-22,25.37,26.84,25.06,26.79,1494725,876800000
2019-02-25,26.99,27.36,26.54,27.05,1547341,876800000
2019-02-26,27.01,27.74,26.93,27.55,940737,876800000
2019-02-27,27.6,28.07,27.36,27.96,1719071,876800000
2019-02-28,27.88,28.65,27.29,28.11,1603293,876800000
2019-03-01,28.51,29.14,28.26,28.8,1273517,876800000
2019-03-04,29.1,29.36,27.485,27.53,1532074,876800000
2019-03-05,27.6,28.05,27.36,27.77,856264,876800000
2019-03-06,27.86,27.98,25.7638,25.85,1873553,876800000
2019-03-07,25.7,26.4,25.1,26.02,1414151,876800000
2019-03-08,25.64,26.31,25.33,26.2,1156178,876800000
2019-03-11,26.25,27.43,26.25,27.37,1513969,876800000
2019-03-12,27.37,27.37,26.06,26.59,1478168,876800000
2019-03-13,26.83,27.8,26.65,27.42,1212948,876800000
2019-03-14,27.42,27.57,26.92,27.29,907021,876800000
2019-03-15,27.3,28.34,26.98,27.13,1874496,876800000
2019-03-18,27.23,27.45,26.92,27.09,1315546,876800000
2019-03-19,27.25,27.88,26.93,27.13,986195,876800000
2019-03-20,27.04,27.19,26.17,26.47,1139415,876800000
2019-03-21,26.32,27.49,26.17,27.29,1115226,876800000
2019-03-22,26.87,27.2,26.2,26.46,1212599,876800000
2019-03-25,26.32,26.95,25.96,26.22,1195971,876800000
2019-03-26,26.44,27.19,26.17,26.56,1307379,876800000
2019-03-27,26.24,27.42,26.2,27.24,1157855,876800000
2019-03-28,27.31,27.94,27.15,27.69,1216638,876800000
2019-03-29,27.82,27.8375,26.81,27.16,1254182,876800000
2019-04-01,27.35,28.21,27.01,28.05,1763562,876800000
2019-04-02,28.03,28.33,27.13,27.65,2104219,876800000
2019-04-03,28.05,28.9,27.16,27.8,5525895,876800000
2019-04-04,28,28.97,27.865,28.3,2677121,876800000
2019-04-05,28.21,28.56,26.73,26.85,2951999,876800000
2019-04-08,26.86,26.95,25.91,25.96,2812502,876800000
2019-04-09,25.9,26.06,24.98,25.31,2343751,876800000
2019-04-10,25.54,25.78,24.9101,25.36,1707729,876800000
2019-04-11,25.44,25.51,23.85,23.85,3334080,876800000
2019-04-12,23.9,23.95,23.06,23.19,2964595,876800000
2019-04-15,23.18,23.58,22.37,22.4,2763260,876800000
2019-04-16,22.59,23.23,22.24,23,1754861,876800000
2019-04-17,23.11,23.42,22.49,22.59,1329122,876800000
2019-04-18,22.6,22.81,22.28,22.71,1311770,876800000
2019-04-22,22.57,22.85,21.97,22.19,2385608,876800000
2019-04-23,22.24,23.19,22.12,23.13,1550154,876800000
2019-04-24,23.12,23.49,23,23.19,1581400,876800000
2019-04-25,23.03,23.17,22.05,22.17,1388361,876800000
2019-04-26,22.11,22.72,21.64,22.72,1331946,876800000
2019-04-29,22.59,23.14,22.45,22.89,1210119,876800000
2019-04-30,22.93,23.47,22.77,23.18,2028137,499500000
2019-05-01,23.14,23.76,22.9,23.31,1851594,499500000
2019-05-02,22.94,23.11,22,22.76,1970286,499500000
2019-05-03,22.97,23.22,22.82,23.15,1715570,499500000
2019-05-06,22.51,22.71,22.07,22.46,1243223,499500000
2019-05-07,22.13,23.07,22.11,23.06,1802744,499500000
2019-05-08,23.15,23.87,22.96,23.58,1963768,499500000
2019-05-09,23.4,23.5,22.58,23.01,1566650,499500000
2019-05-10,22.96,23.22,22.08,22.88,1211957,499500000
2019-05-13,22.38,22.41,20.1,20.16,2630534,499500000
2019-05-14,20.38,20.87,19.91,20.6,1815270,499500000
2019-05-15,20.45,20.97,20,20.87,1042702,499500000
2019-05-16,20.9,21.14,20.24,20.33,889907,499500000
2019-05-17,20.16,20.52,19.95,19.99,1231798,499500000
2019-05-20,19.74,20.61,19.41,20.46,2364675,499500000
2019-05-21,20.51,21.21,20.24,21.15,1381375,499500000
2019-05-22,20.95,21.17,20.78,20.94,1043164,499500000
2019-05-23,20.71,21.31,20.34,21.1,1690830,499500000
2019-05-24,21.23,21.58,20.965,21.45,1150524,499500000
2019-05-28,21.58,21.61,20.725,20.84,1786403,499500000
2019-05-29,20.75,21.055,20.12,20.99,2193474,499500000
2019-05-30,21.06,21.24,20.05,20.1,1485039,499500000
2019-05-31,19.73,19.73,18.2856,18.86,3504999,499500000
2019-06-03,18.8,19.235,18.64,19.12,2490141,499500000
2019-06-04,19.5,20.595,19.41,20.54,1748955,499500000
2019-06-05,20.48,20.87,19.33,19.42,2344817,499500000
2019-06-06,18.82,19.38,17.69,19.18,5493914,499500000
2019-06-07,18.94,20,18.82,19.74,2764193,499500000
2019-06-10,19.75,20.545,18.95,19.1,2625847,499500000
2019-06-11,19.3,20.18,19.26,19.81,1756872,499500000
2019-06-12,19.61,19.61,18.68,18.69,1843308,499500000
2019-06-13,18.76,19.2,18.41,19.12,1547682,499500000
2019-06-14,19.01,19.085,17.783,17.97,1901691,499500000
2019-06-17,17.82,18.435,17.625,18.27,1721303,499500000
2019-06-18,18.33,18.86,17.88,18.02,1892486,499500000
2019-06-19,18.1,18.16,17.34,17.56,1927572,499500000
2019-06-20,17.8,18.01,17.39,17.49,1409745,499500000
2019-06-21,17.42,17.86,17.2,17.63,2247841,499500000
2019-06-24,17.67,17.961,17.01,17.1,1809984,499500000
2019-06-25,16.96,17.03,16.705,16.77,1294933,499500000
2019-06-26,16.79,17.58,16.71,17.36,1547346,499500000
2019-06-27,17.4,17.99,17.33,17.68,2073233,499500000
2019-06-28,17.74,18.37,17.695,17.88,1663066,499500000
2019-07-01,18.13,18.5,17.16,17.26,1539359,499500000
2019-07-02,17.22,17.32,16.285,16.38,2255024,499500000
2019-07-03,16.44,16.92,16.25,16.35,1875732,499500000
2019-07-05,16.4,17.515,16.3405,17.31,2155783,499500000
2019-07-08,17.16,18.61,17.14,18.23,2329667,499500000
2019-07-09,18.19,18.55,17.89,17.99,2303484,499500000
2019-07-10,18.11,18.32,17.6,17.95,1057545,499500000
2019-07-11,18.03,18.65,17.46,17.61,1465891,499500000
2019-07-12,17.62,18.65,17.48,18.52,1325196,499500000
2019-07-15,18.56,18.9,17.89,18.14,1263905,499500000
2019-07-16,18.13,18.8,17.93,18.45,1174368,499500000
2019-07-17,18.46,18.59,18.03,18.37,1219891,499500000
2019-07-18,18.36,18.97,18.15,18.75,1237416,499500000
2019-07-19,18.75,19.12,18.41,18.63,1217878,499500000
2019-07-22,18.67,18.75,17.57,17.82,1182886,499500000
2019-07-23,17.81,18.03,17.23,17.46,1320853,499500000
2019-07-24,17.44,18.39,17.44,18.34,1286112,499500000
2019-07-25,18.45,18.98,17.89,18.03,1232558,499500000
2019-07-26,18.05,18.155,17.12,17.47,1598453,499500000
2019-07-29,17.47,18.09,17.22,18.01,1613176,499500000
2019-07-30,17.87,18.19,17.49,18.09,1236997,499500000
2019-07-31,18.09,18.46,17.68,18.14,2652913,463100000
2019-08-01,17.89,18.3201,16.73,17.09,2236245,463100000
2019-08-02,17.01,17.51,16.87,17.27,1562740,463100000
2019-08-05,16.87,16.8908,15.5,16.15,2200585,463100000
2019-08-06,16.23,16.49,15.595,16,1390294,463100000
2019-08-07,15.75,15.88,14.955,15.36,2219946,463100000
2019-08-08,15.38,15.91,15.29,15.9,1585178,463100000
2019-08-09,15.82,15.8719,14.4,14.41,2278995,463100000
2019-08-12,14.29,14.3,12.725,13.13,3568722,463100000
2019-08-13,13.19,14.19,12.68,13.39,3352315,463100000
2019-08-14,12.84,12.91,12.15,12.57,2343489,463100000
2019-08-15,12.58,12.7,11.51,11.68,2709153,463100000
2019-08-16,11.81,12.13,11.54,11.89,2084183,463100000
2019-08-19,12.08,12.59,11.95,12.32,1873891,463100000
2019-08-20,12.29,12.48,11.67,12.03,2292321,463100000
2019-08-21,12.26,12.73,12.125,12.44,1574527,463100000
2019-08-22,12.51,13.92,12.51,13.84,4292070,463100000
2019-08-23,13.58,13.8,12.45,12.49,2370364,463100000
2019-08-26,12.62,12.6787,11.91,12.25,2025450,463100000
2019-08-27,12.02,12.07,11.1,11.14,2603631,463100000
2019-08-28,10.8,12.05,10.8,11.69,2503819,463100000
2019-08-29,11.77,12.5,11.77,12.27,2300877,463100000
2019-08-30,12.28,12.92,11.98,12.24,3782328,463100000
2019-09-03,12.2,12.31,10.88,11.08,3642935,463100000
2019-09-04,11.25,11.38,10.4,11.01,4713727,463100000
2019-09-05,14.33,14.89,13.21,13.97,18876788,463100000
2019-09-06,13.82,14.62,13.48,14.04,6419418,463100000
2019-09-09,14.36,15.89,14.36,15.59,7297796,463100000
2019-09-10,15.74,17.59,15.72,16.85,7787480,463100000
2019-09-11,16.8,17.65,16.14,17.11,4193421,463100000
2019-09-12,17.01,17.49,16.29,17.36,3371965,463100000
2019-09-13,17.45,18.04,16.36,16.4,3169317,463100000
2019-09-16,16.35,17.02,15.885,16.02,3496868,463100000
2019-09-17,15.77,16.12,15.21,16.12,3743080,463100000
2019-09-18,15.91,16.645,15.9,16.26,2815715,463100000
2019-09-19,16.3,16.64,15.95,16.1,2592102,463100000
2019-09-20,16.14,16.67,15.75,16.07,11266888,463100000
2019-09-23,15.86,16.595,15.61,16.45,2128532,463100000
2019-09-24,16.45,16.74,16.12,16.64,1973640,463100000
2019-09-25,16.55,16.99,16.15,16.65,2738923,463100000
2019-09-26,16.45,17.14,16.35,17.05,2325539,463100000
2019-09-27,16.96,17.68,16.96,17.47,1675943,463100000
2019-09-30,17.38,17.74,16.37,16.76,2649193,463100000
2019-10-01,16.89,17.29,16.8,17.03,1425404,463100000
2019-10-02,16.9,16.9,15.81,15.85,2338660,463100000
2019-10-03,15.65,16.07,15.285,15.53,1936528,463100000
2019-10-04,15.52,16.4,15.28,16.25,1852050,463100000
2019-10-07,16.37,17.94,16.27,17.84,3726535,463100000
2019-10-08,17.51,17.67,15.82,15.86,3174848,463100000
2019-10-09,16.12,16.445,15.84,16.4,1483299,463100000
2019-10-10,16.54,16.75,15.87,16.22,1534410,463100000
2019-10-11,16.59,17.5,16.59,17.12,1789561,463100000
2019-10-14,16.92,16.9702,15.4075,15.47,2585294,463100000
2019-10-15,15.45,16.095,14.41,15.75,2238847,463100000
2019-10-16,15.71,15.85,15.19,15.73,3403133,463100000
2019-10-17,15.78,15.905,15.26,15.83,1883564,463100000
2019-10-18,15.34,15.52,14.24,15.29,4038473,463100000
2019-10-21,15.32,15.77,15,15.41,2075968,463100000
2019-10-22,15.43,16.37,15.01,16.22,2352083,463100000
2019-10-23,16.16,16.62,15.79,15.95,2618744,463100000
2019-10-24,15.95,16.14,15.51,15.99,1928727,463100000
2019-10-25,16,17.4,15.94,17.25,2382476,463100000
2019-10-28,18.26,18.59,17.695,17.75,2749129,463100000
2019-10-29,17.6,17.995,17.35,17.89,1737597,463100000
2019-10-30,17.82,17.99,16.54,16.65,2802122,463100000
2019-10-31,16.19,16.25,15.44,16.04,2570562,368600000
2019-11-01,16.16,16.6428,15.97,16.2,1454234,368600000
2019-11-04,16.21,17.16,16.21,16.9,1977560,368600000
2019-11-05,17.08,17.91,17.08,17.49,1567386,368600000
2019-11-06,17.55,17.85,17.06,17.51,1203171,368600000
2019-11-07,17.69,17.9399,17.115,17.37,1280793,368600000
2019-11-08,17.42,17.6,17.01,17.52,1164473,368600000
2019-11-11,17.29,17.3,16.21,16.81,1406439,368600000
2019-11-12,16.72,16.93,16.38,16.79,1549910,368600000
2019-11-13,16.62,17.01,16.46,16.72,1269524,368600000
2019-11-14,16.67,16.95,16.32,16.41,970793,368600000
2019-11-15,16.59,17.08,16.5578,16.96,1055255,368600000
2019-11-18,16.91,17.35,16.53,17.18,1689021,368600000
2019-11-19,16.84,16.9235,15.47,15.97,4355269,368600000
2019-11-20,15.8,16.11,15.37,15.58,2136515,368600000
2019-11-21,15.79,15.8,15.295,15.66,1668870,368600000
2019-11-22,15.71,16.01,15.5,16,1145591,368600000
2019-11-25,16.13,17.15,16.03,17.09,1444327,368600000
2019-11-26,17.2,17.645,16.92,17.55,1286347,368600000
2019-11-27,17.67,18.24,17.31,17.75,1471982,368600000
2019-11-29,17.75,18.4,17.53,18.37,1117136,368600000
2019-12-02,18.13,18.23,17.3,17.4,2583496,368600000
2019-12-03,17,17.2,16.015,16.06,2375499,368600000
2019-12-04,16.13,16.97,15.8469,16.65,3069364,368600000
2019-12-05,18,19.13,17.365,17.89,5665469,368600000
2019-12-06,18.39,20.7,18.0713,20.58,5216965,368600000
2019-12-09,20.53,21.5,20.33,21.05,3299673,368600000
2019-12-10,20.94,21.27,20.47,20.8,2003935,368600000
2019-12-11,20.78,21.48,20.4,21.4,1687378,368600000
2019-12-12,21.47,21.98,21.31,21.91,2669302,368600000
2019-12-13,21.66,22.33,20.01,20.09,3470373,368600000
2019-12-16,20.47,20.58,19.76,19.8,1886605,368600000
2019-12-17,19.87,20.93,19.6,20.82,1492807,368600000
2019-12-18,20.75,21.5,20.66,21.05,1475773,368600000
2019-12-19,21.09,21.33,20.61,20.85,1620391,368600000
2019-12-20,20.86,21,20.07,20.24,2097839,368600000
2019-12-23,20.27,20.98,20.17,20.9,1336306,368600000
2019-12-24,20.95,21.28,20.52,20.76,553184,368600000
2019-12-26,20.9,21.2,20.13,20.58,956857,368600000
2019-12-27,20.57,21.22,20.51,20.99,1344635,368600000
2019-12-30,20.98,22.28,20.71,21.55,2863133,368600000
2019-12-31,21.42,22.165,21.28,21.74,2042879,368600000
2020-01-02,20.61,20.72,18.23,18.93,8375295,368600000
2020-01-03,18.62,19.62,18.61,19.04,3252826,368600000
2020-01-06,18.88,19,18.11,18.86,2443061,368600000
2020-01-07,18.88,19.25,18.06,18.47,2636569,368600000
2020-01-08,18.5,19.28,18.5,19.23,2017688,368600000
2020-01-09,19.43,19.43,18.695,19.18,1472336,368600000
2020-01-10,19.15,19.77,18.9,19.5,1235118,368600000
2020-01-13,19.6,20.38,19.17,20.19,1666059,368600000
2020-01-14,20.19,21.235,20.03,21,1837947,368600000
2020-01-15,20.78,21.68,20.4,21.49,2052023,368600000
2020-01-16,28.35,31.44,27.62,30.13,25334079,368600000
2020-01-17,29.8,30.45,29,29.52,6274089,368600000
2020-01-21,29.37,29.61,27.68,28.12,3712440,368600000
2020-01-22,28.12,28.5,26.87,27.23,2315528,368600000
2020-01-23,27.15,27.15,26.14,26.7,2355402,368600000
2020-01-24,26.76,27.24,26.27,26.51,1655058,368600000
2020-01-27,25.61,26.53,25.37,25.74,2092783,368600000
2020-01-28,26.02,26.6,25.74,26.24,1772991,368600000
2020-01-29,26.4,26.83,25.85,26.33,964297,368600000
2020-01-30,25.97,27.05,25.95,26.28,1313230,368600000
2020-01-31,26.07,26.1,24.045,24.31,2886921,901300000
2020-02-03,24.34,25.25,24.11,24.13,1584157,901300000
2020-02-04,24.73,25.01,23.64,24.18,1640181,901300000
2020-02-05,24.58,26.32,24.58,26.25,1683543,901300000
2020-02-06,26.24,26.915,25.91,26.53,1620535,901300000
2020-02-07,26.24,26.48,24.99,25.19,1046903,901300000
2020-02-10,25.1,25.35,24.41,24.7,896480,901300000
2020-02-11,24.74,25.68,24.12,25.54,922100,901300000
2020-02-12,25.77,27.22,25.7618,26.93,1560061,901300000
2020-02-13,26.61,26.83,26.15,26.77,1356861,901300000
2020-02-14,26.67,26.91,25.93,26.07,1516765,901300000
2020-02-18,26.18,26.7,25.37,26.12,1354813,901300000
2020-02-19,26.18,27.63,26.15,27.52,1299816,901300000
2020-02-20,27.26,28.71,27.19,28.68,1556931,901300000
2020-02-21,28.33,29.05,28.06,28.33,1219669,901300000
2020-02-24,27.16,27.985,26.16,27.82,1995088,901300000
2020-02-25,28.12,28.12,25.39,25.63,1890809,901300000
2020-02-26,26,26.135,22.67,22.74,2269151,901300000
2020-02-27,21.75,23.78,20.73,22.64,2778669,901300000
2020-02-28,21.41,24.33,21.34,23.32,3739909,901300000
2020-03-02,23.77,23.94,21.83,22.59,2217044,901300000
2020-03-03,22.65,23.64,21.69,22.18,1216075,901300000
2020-03-04,22.6,23.21,21.85,23.14,1142801,901300000
2020-03-05,22.38,22.59,21.21,22.11,2076595,901300000
2020-03-06,21.09,22.23,20.83,21.14,1169954,901300000
2020-03-09,19.75,19.78,17.74,17.95,3331676,901300000
2020-03-10,18.69,19.09,17.22,18.78,1691110,901300000
2020-03-11,18.11,18.4,16.29,16.78,2053992,901300000
2020-03-12,15.05,15.16,13.05,13.12,3351082,901300000
2020-03-13,13.93,14.72,12.68,14.18,2371586,901300000
2020-03-16,11.37,11.42,7.82,10.56,5601951,901300000
2020-03-17,10.63,11.95,10.07,10.9,5456826,901300000
2020-03-18,10.09,10.38,6.32,7.3,4996604,901300000
2020-03-19,7.18,9.0599,6.65,8.74,4062701,901300000
2020-03-20,8.99,9.14,7.74,7.74,2848170,901300000
2020-03-23,7.74,7.8242,5.6001,5.84,7374641,901300000
2020-03-24,6.3,7.5,6.28,6.6,6614140,901300000
2020-03-25,7,8.05,6.14,7.33,6622330,901300000
2020-03-26,8.06,10.56,8.06,9.52,12613010,901300000
2020-03-27,8.57,9.19,7.84,7.9,5518930,901300000
2020-03-30,7.71,7.71,6.56,6.64,4939705,901300000
2020-03-31,7.03,7.23,6.21,6.45,4901809,901300000
2020-04-01,6.02,6.45,5.9,6.37,3854022,901300000
2020-04-02,6.27,6.52,5.715,6.17,4154666,901300000
2020-04-03,6.1,6.255,5.8,6.19,2340051,901300000
2020-04-06,6.61,7.15,6.39,6.4,7931622,901300000
2020-04-07,7.04,7.32,6.45,6.8,6265635,901300000
2020-04-08,7,7.91,6.81,7.78,6108306,901300000
2020-04-09,8.07,8.66,7.65,7.88,4599042,901300000
2020-04-13,8.15,8.15,7.21,7.74,3373117,901300000
2020-04-14,8,8.6,7.87,8.08,3348652,901300000
2020-04-15,7.76,7.78,7.4,7.7,3442274,901300000
2020-04-16,7.64,7.73,7.035,7.1,3723195,901300000
2020-04-17,7.81,8.37,7.69,8.01,4344577,901300000
2020-04-20,7.65,7.87,7.46,7.63,3213215,901300000
2020-04-21,7.15,7.57,7.05,7.15,2650670,901300000
2020-04-22,7.49,7.65,7.2,7.3,2731736,901300000
2020-04-23,7.22,7.6701,7.2,7.44,2209051,901300000
2020-04-24,7.44,7.68,7.24,7.61,1857602,901300000
2020-04-27,7.71,8.48,7.59,8.23,2567920,901300000
2020-04-28,8.84,9.55,8.43,9.42,4012656,901300000
2020-04-29,10.08,10.6893,10.01,10.39,4189458,901300000
2020-04-30,10.05,10.63,9.65,10.06,3437006,203000000
2020-05-01,9.66,9.84,8.62,9.08,3146490,203000000
2020-05-04,8.73,9.43,8.39,9.4,1768838,203000000
2020-05-05,9.65,10.155,9.18,9.24,2068483,203000000
2020-05-06,9.35,9.49,8.86,8.87,2076425,203000000
2020-05-07,9.15,9.34,8.62,8.74,2013598,203000000
2020-05-08,8.95,11.22,8.95,11.09,8280203,203000000
2020-05-11,10.77,10.91,9.96,10.1,3678386,203000000
2020-05-12,10.28,10.42,9.19,9.28,2111332,203000000
2020-05-13,9.01,9.2085,8.3801,8.58,3168296,203000000
2020-05-14,8.21,8.9299,7.57,8.68,2541309,203000000
2020-05-15,8.49,9.31,8.27,9.03,1718332,203000000
2020-05-18,9.92,10.19,9.49,10.03,2708966,203000000
2020-05-19,9.94,10.27,9.54,9.62,2081862,203000000
2020-05-20,9.99,10.14,9.46,9.49,1272738,203000000
2020-05-21,9.57,10.365,9.57,10.16,1998389,203000000
2020-05-22,10.19,10.68,10,10.24,2115197,203000000
2020-05-26,10.99,11.14,10.26,10.88,3527374,203000000
2020-05-27,11.25,12.15,11.05,11.85,3965251,203000000
2020-05-28,12.03,12.1,10.43,10.62,2798032,203000000
2020-05-29,10.44,11.02,10.16,10.55,2784567,203000000
2020-06-01,10.55,11.14,10.26,10.73,2349116,203000000
2020-06-02,10.91,11.41,10.47,11.3,2566340,203000000
2020-06-03,11.8,14.58,11.65,14.27,6653928,203000000
2020-06-04,13.75,15.98,13.68,15.65,4286162,203000000
2020-06-05,16.94,17.67,14.72,15.06,5579964,203000000
2020-06-08,15.99,17.195,15.11,16.87,4206167,203000000
2020-06-09,14.99,15.58,13.41,14.16,6030755,203000000
2020-06-10,14.19,14.28,12.13,12.28,4314277,203000000
2020-06-11,11.25,11.76,10.75,11.09,3837026,203000000
2020-06-12,11.87,11.8899,10.8,11.32,2967337,203000000
2020-06-15,10.61,11.84,10.3,11.74,2572242,203000000
2020-06-16,12.76,12.78,11.58,12.11,2215258,203000000
2020-06-17,12.09,12.12,11.37,11.75,2000183,203000000
2020-06-18,11.49,11.9135,11.11,11.78,1662944,203000000
2020-06-19,11.99,12.1,10.78,11.12,4338596,203000000
2020-06-22,10.98,11.95,10.61,11.94,2233396,203000000
2020-06-23,12.16,12.16,11.37,11.61,1871362,203000000
2020-06-24,11.39,11.53,10.37,10.38,3149941,203000000
2020-06-25,10.16,10.55,9.9,10.02,2208441,203000000
2020-06-26,10.01,10.36,9.705,9.84,2351757,203000000
2020-06-29,10.03,10.94,9.86,10.65,1902102,203000000
2020-06-30,10.53,10.92,10.22,10.27,1898357,203000000
2020-07-01,10.25,11.48,10.25,10.96,2873764,203000000
2020-07-02,11.44,11.45,10.54,10.6,1801979,203000000
2020-07-06,11,11.07,10.27,10.57,1508503,203000000
2020-07-07,10.32,10.47,10.03,10.23,1735244,203000000
2020-07-08,10.18,10.825,9.82,10.82,2118165,203000000
2020-07-09,10.75,10.75,9.87,10.11,2252706,203000000
2020-07-10,10.22,10.45,9.91,10.17,1844826,203000000
2020-07-13,10.13,10.77,9.94,10.33,2147579,203000000
2020-07-14,10.37,10.8,9.96,10.68,1748955,203000000
2020-07-15,11.22,11.8,10.91,11.74,2212596,203000000
2020-07-16,11.56,12.47,11.56,11.85,2344408,203000000
2020-07-17,11.91,12.03,11.335,11.55,2062786,203000000
2020-07-20,11.47,11.66,11.0398,11.35,1497805,203000000
2020-07-21,11.47,11.8,11.385,11.74,2285527,203000000
2020-07-22,11.56,12.09,11.44,12.04,1318025,203000000
2020-07-23,11.95,12.5842,11.91,12.29,1474496,203000000
2020-07-24,12.27,12.41,11.79,11.8,1386366,203000000
2020-07-27,11.78,11.78,11.26,11.52,1148164,203000000
2020-07-28,11.44,11.94,11.44,11.62,919790,203000000
2020-07-29,11.81,12.59,11.72,12.28,1729473,203000000
2020-07-30,11.96,12.07,11.05,11.21,2000859,203000000
2020-07-31,11.07,11.3499,10.4881,10.74,1968517,223200000
2020-08-03,10.76,11.21,10.34,11.03,1556401,223200000
2020-08-04,11.15,11.64,10.97,11.5,1565496,223200000
2020-08-05,11.75,12.27,11.55,12.26,1436181,223200000
2020-08-06,12.11,12.27,11.7,11.97,1048210,223200000
2020-08-07,11.91,12.735,11.74,12.71,1236494,223200000
2020-08-10,12.84,14.69,12.84,14.06,3552676,223200000
2020-08-11,14.56,14.96,14.39,14.7,2882403,223200000
2020-08-12,14.92,15.52,14.73,15.27,2028821,223200000
2020-08-13,14.98,15.06,14.11,14.32,1801288,223200000
2020-08-14,14.26,15.14,14.11,14.8,1333628,223200000
2020-08-17,14.79,15.05,14.52,14.94,1016434,223200000
2020-08-18,14.98,14.98,14.32,14.4,1909685,223200000
2020-08-19,14.43,14.73,13.37,13.55,2125556,223200000
2020-08-20,13.36,13.9611,13.27,13.67,1286739,223200000
2020-08-21,13.53,14.06,13.524,13.77,773658,223200000
2020-08-24,14.1,15.64,13.93,15.6,1625412,223200000
2020-08-25,15.5,16.11,15.2402,15.89,2613479,223200000
2020-08-26,15.98,17.06,15.89,17,3135849,223200000
2020-08-27,17.1,17.96,16.21,16.81,2932699,223200000
2020-08-28,17.11,17.44,16.54,16.8,1442908,223200000
2020-08-31,16.8,17.47,16.11,17.27,1912919,223200000
2020-09-01,17.27,18.29,17.12,18.24,1559965,223200000
2020-09-02,18.4,18.8,17.44,18.59,2337218,223200000
2020-09-03,19.46,19.58,16.56,17.87,5331378,223200000
2020-09-04,18.63,19.36,18.155,19.28,2244049,223200000
2020-09-08,18.77,19.4,17.9,17.91,2276012,223200000
2020-09-09,18.06,18.4127,17.55,17.99,1386839,223200000
2020-09-10,18.05,18.44,17.53,17.65,970902,223200000
2020-09-11,17.85,18.32,17.4,17.78,1034308,223200000
2020-09-14,18.11,19.58,18,18.7,1608203,223200000
2020-09-15,18.83,19.12,18.21,18.28,1178223,223200000
2020-09-16,18.43,19.06,18.06,18.3,1241293,223200000
2020-09-17,17.89,19.34,17.85,18.79,1460787,223200000
2020-09-18,18.86,18.99,18.21,18.26,1857604,223200000
2020-09-21,17.53,17.75,16.56,17.32,1673278,223200000
2020-09-22,17.42,17.93,16.74,17.86,1310592,223200000
2020-09-23,18.07,18.63,17.5,17.51,883768,223200000
2020-09-24,17.35,18.11,16.87,17.66,734922,223200000
2020-09-25,17.52,18.22,17.48,18.15,804986,223200000
2020-09-28,18.58,19.435,18.41,19.39,1402877,223200000
2020-09-29,19.31,19.56,17.91,17.95,1163305,223200000
2020-09-30,18.13,19.04,18.06,18.7,1292996,223200000
2020-10-01,18.83,19.34,18.36,19.11,1082152,223200000
2020-10-02,18.3,19.66,18.25,19.51,874957,223200000
2020-10-05,19.78,20.3293,19.61,20.04,944203,223200000
2020-10-06,20.22,20.469,18.77,18.85,1002883,223200000
2020-10-07,19.2,20.27,19.2,20.21,1282335,223200000
2020-10-08,20.49,20.97,20.3566,20.91,661492,223200000
2020-10-09,21.01,21.59,20.82,20.83,777265,223200000
2020-10-12,20.83,21.287,20.59,21.04,700910,223200000
2020-10-13,19.73,22.14,19.73,21.84,1431616,223200000
2020-10-14,22.02,22.52,21.387,22.15,738711,223200000
2020-10-15,21.78,22.76,21.525,22.54,718208,223200000
2020-10-16,22.62,23.4,22.61,22.79,1174817,223200000
2020-10-19,22.84,23.44,22.455,23.07,1478442,223200000
2020-10-20,23.51,24.47,23.46,23.59,1433631,223200000
2020-10-21,23.92,24.26,23.15,24.01,1998382,223200000
2020-10-22,24.06,25.03,23.9201,24.59,985059,223200000
2020-10-23,24.8,26.97,24.52,26.54,1847263,223200000
2020-10-26,25.9,26.39,24.77,25.67,2604656,223200000
2020-10-27,25.91,26.45,25.19,25.33,1225115,223200000
2020-10-28,24.73,25.08,23.6,23.85,1682526,223200000
2020-10-29,24.29,24.56,23.6,24.19,1430712,223200000
2020-10-30,24.15,24.4003,21.77,22.28,1858806,434700000
2020-11-02,22.7,23.1216,21.32,22.72,1702795,434700000
2020-11-03,23.15,23.36,21.72,22.44,1620084,434700000
2020-11-04,21.96,22.0965,20.88,21.68,1137115,434700000
2020-11-05,21.94,23.99,21.9067,23.42,1097465,434700000
2020-11-06,23.49,23.6799,22.07,22.5,879623,434700000
2020-11-09,24.845,26.24,23.8,24.6,1779076,434700000
2020-11-10,24.72,25.9,23.94,25.77,1121416,434700000
2020-11-11,25.77,26.07,24.29,25.12,944307,434700000
2020-11-12,24.69,25.25,24.13,24.77,1177797,434700000
2020-11-13,25.18,26.27,24.8,26.25,679597,434700000
2020-11-16,27.21,27.8401,26.29,26.8,998314,434700000
2020-11-17,26.31,28.81,26.31,28.64,1112202,434700000
2020-11-18,28.75,29.56,26.92,26.97,1173838,434700000
2020-11-19,27,28.75,26.7,28.72,736802,434700000
2020-11-20,28.65,29.48,28.49,29.38,717638,434700000
2020-11-23,30,31.02,29.86,30.81,1016368,434700000
2020-11-24,31.43,32.22,29.53,31.2,1607227,434700000
2020-11-25,30.76,32.03,30.6801,31.12,1566112,434700000
2020-11-27,31.39,31.75,31,31.43,501909,434700000
2020-11-30,31.5,31.93,30.08,30.29,1612743,434700000
2020-12-01,31.11,31.18,28.78,30.51,1138037,434700000
2020-12-02,30.17,30.3,28.79,29.81,1370035,434700000
2020-12-03,29.83,31,28.19,29.47,3011060,434700000
2020-12-04,29.83,29.83,27.46,29.28,1805788,434700000
2020-12-07,29.15,30.13,28.71,29.34,1330437,434700000
2020-12-08,28.57,29.25,27.97,28.3,1720253,434700000
2020-12-09,28.68,28.84,27.17,27.43,1272694,434700000
2020-12-10,27,27.63,26.6,27.23,917165,434700000
2020-12-11,27,27.17,26.2,26.39,840613,434700000
2020-12-14,26.67,26.93,24.92,24.93,1948317,434700000
2020-12-15,25.18,27.09,25.1,27.07,1204098,434700000
2020-12-16,27.22,28.21,26.36,26.8,1036384,434700000
2020-12-17,26.94,27.2,26.45,26.86,711699,434700000
2020-12-18,26.94,27.97,26.62,26.92,1905935,434700000
2020-12-21,26.01,27.57,25.64,27.46,1050061,434700000
2020-12-22,27.75,28.39,27.34,27.37,813376,434700000
2020-12-23,27.5,28.2,26.67,27.06,730108,434700000
2020-12-24,27,27.29,26.03,26.16,443975,434700000
2020-12-28,26.74,28.75,26.5,27.87,1642451,434700000
2020-12-29,27.9,28.1,26.3,27,1138563,434700000
2020-12-30,27.05,28.41,27.05,27.75,1008905,434700000
2020-12-31,27.86,28.1,27.15,27.27,680419,434700000
2021-01-04,27.44,28.61,27.17,27.65,1296885,434700000
2021-01-05,27.47,29.79,27.25,29.62,1111998,434700000
2021-01-06,29.82,33.85,29.76,33.06,2176850,434700000
2021-01-07,33,35.5,32.97,35.18,2307781,434700000
2021-01-08,36.24,38.44,34.91,37.3,1988118,434700000
2021-01-11,36.27,40.05,35.4,39.17,1600348,434700000
2021-01-12,40.93,42.91,38.88,42.78,2642100,434700000
2021-01-13,42.44,42.56,38.657,39.01,1386359,434700000
2021-01-14,40,42.3599,39.41,41.39,2060802,434700000
2021-01-15,40.8,41,39,39.36,1125895,434700000
2021-01-19,40,40.24,36.5,37.09,1287579,434700000
2021-01-20,37.1,38.1,36.07,36.36,892508,434700000
2021-01-21,36.78,36.78,35.28,35.39,1003468,434700000
2021-01-22,35,36.46,34.36,36.31,949379,434700000
2021-01-25,36.4,38.08,35.03,36.61,1214565,434700000
2021-01-26,36.98,40.2299,36.1701,40.07,2110009,434700000
2021-01-27,38.94,44.26,38.5,41.53,3073955,434700000
2021-01-28,41.34,41.81,36.2847,37,2140311,434700000
2021-01-29,37.94,40.85,37.24,40.62,2668137,866100000
2021-02-01,41.14,42.87,39.8,41.6,1625528,866100000
2021-02-02,42.02,43.87,41.01,42.24,986879,866100000
2021-02-03,42.6,44.92,42.05,44.58,862037,866100000
2021-02-04,44.6,46.35,44.18,45.31,937152,866100000
2021-02-05,45.47,45.94,42.89,43.36,583632,866100000
2021-02-08,43.55,43.7,41.24,43.33,889310,866100000
2021-02-09,43.21,43.82,40.4,40.55,1196009,866100000
2021-02-10,41.01,44.55,40.61,44.21,2036410,866100000
2021-02-11,44.35,46.74,44.02,44.95,1273826,866100000
2021-02-12,44.45,45,42.88,43.61,682531,866100000
2021-02-16,44.12,45.85,43.635,45.25,731873,866100000
2021-02-17,45.07,45.21,41.9,42.47,849127,866100000
2021-02-18,42.44,43.05,41.09,42.52,750632,866100000
2021-02-19,42.98,46.27,42.01,46.16,1085009,866100000
2021-02-22,45.82,49.13,45.22,49.12,1235662,866100000
2021-02-23,48.74,49.46,46.23,49.4,1408109,866100000
2021-02-24,49.75,50.88,46.95,49.01,1175320,866100000
2021-02-25,50,51.59,49.72,51,1347435,866100000
2021-02-26,50.74,51.7499,48.7,49.78,900857,866100000
2021-03-01,50.69,51.75,49.34,51.54,614596,866100000
2021-03-02,51.61,53.15,51.31,52.34,532390,866100000
2021-03-03,52.96,53.7,51.78,51.82,500151,866100000
2021-03-04,51.49,53.07,49.04,50.9,836828,866100000
2021-03-05,51.42,52.59,48.42,52.5,986705,866100000
2021-03-08,53.31,56.64,52.51,56.29,1097736,866100000
2021-03-09,56.84,57.143,54.165,56.81,859229,866100000
2021-03-10,56.82,58.19,56.03,57.49,602481,866100000
2021-03-11,57.9,58.79,56.51,58.51,602980,866100000
2021-03-12,58.9,59.39,57.342,58.66,726454,866100000
2021-03-15,58.56,60.63,58.15,59.33,593296,866100000
2021-03-16,58.97,60.23,57.44,59.81,1357657,866100000
2021-03-17,59.87,60.49,57.5,59.35,740179,866100000
2021-03-18,62.94,65.8399,60.1401,61.35,2034020,866100000
2021-03-19,61.23,61.525,58.9,60.96,1582475,866100000
2021-03-22,62.2,63.28,56.605,57.11,1419563,866100000
2021-03-23,56.15,57.57,53.9,54.12,912147,866100000
2021-03-24,55.16,56.8554,52.5,52.52,674135,866100000
2021-03-25,50.75,58.27,50.01,57.1,1185671,866100000
2021-03-26,58.23,59.63,56.37,58.88,657606,866100000
2021-03-29,59.08,59.9,56.28,57.02,781920,866100000
2021-03-30,57.19,59.81,57.19,58.61,594731,866100000
2021-03-31,58.39,59.18,56.98,57.98,821145,866100000
2021-04-01,58.82,58.905,55.83,57.32,851031,866100000
2021-04-05,58,59.93,56.61,58.98,640987,866100000
2021-04-06,59.36,61.485,57.37,57.98,643880,866100000
2021-04-07,57.74,58.475,56.26,56.73,555520,866100000
2021-04-08,56.12,57.75,54.38,57.59,711564,866100000
2021-04-09,57.82,61.37,56.95,61.08,749276,866100000
2021-04-12,64.22,68.287,63.01,65.92,3189998,866100000
2021-04-13,67.36,67.36,61.52,64.36,1034163,866100000
2021-04-14,63.87,66.43,63.7728,64.89,577771,866100000
2021-04-15,64.95,65.32,63.13,63.48,531604,866100000
2021-04-16,63.65,64.9,62.34,63.46,606351,866100000
2021-04-19,63.49,64.09,60.88,60.99,501426,866100000
2021-04-20,60.2,60.56,55.37,57.49,1166734,866100000
2021-04-21,57.58,60.54,56.87,60.26,599629,866100000
2021-04-22,60.74,62.2,59.64,61.74,591136,866100000
2021-04-23,62.2,64.57,61.25,63.58,609243,866100000
2021-04-26,63.96,65.26,61.36,61.73,470608,866100000
2021-04-27,61.33,64.74,61.05,63.37,643272,866100000
2021-04-28,63.5,64.12,62.21,62.83,425370,866100000
2021-04-29,63,64,60.35,60.67,452003,866100000
2021-04-30,59.9,60.88,59.25,59.75,503201,678600000
2021-05-03,60.7,63.27,60.23,62.95,1069255,678600000
2021-05-04,62.38,63.26,60.5,63.01,384028,678600000
2021-05-05,63.46,64.61,61.66,63.57,492397,678600000
2021-05-06,64,65.71,62.97,65.02,661945,678600000
2021-05-07,64.52,66,63.44,65.01,505842,678600000
2021-05-10,65.37,68.36,62.61,62.68,819086,678600000
2021-05-11,61.34,63.76,59.48,63.19,924771,678600000
2021-05-12,63,63.4,57.93,58.3,511183,678600000
2021-05-13,58.58,61.61,58.1101,60.21,632395,678600000
2021-05-14,60.94,63.55,60.83,63.46,452374,678600000
2021-05-17,63,65.72,62.59,65.53,466777,678600000
2021-05-18,66.01,66.2,61.76,62.77,591120,678600000
2021-05-19,60.64,61.125,57.77,58.68,1201205,678600000
2021-05-20,58.69,58.775,55.75,57.45,849244,678600000
2021-05-21,58.33,59.05,56.35,57.54,453617,678600000
2021-05-24,57.49,58.29,56.2,57.62,689584,678600000
2021-05-25,57.91,59.14,56.81,56.89,379237,678600000
2021-05-26,57.8,61.27,57.57,59.77,700151,678600000
2021-05-27,60.51,62.89,59.77,62.46,820915,678600000
2021-05-28,63,63,60.09,60.58,596371,678600000
2021-06-01,60.87,64.04,60.6,63.04,811544,678600000
2021-06-02,63.18,63.18,60.535,62.1,741588,678600000
2021-06-03,62.43,62.43,59.26,60.7,526943,678600000
2021-06-04,60.53,61.31,57.917,58.87,492334,678600000
2021-06-07,59.19,60.68,57.44,58.7,1057991,678600000
2021-06-08,58.78,62.28,58.14,61.44,988660,678600000
2021-06-09,61.44,62.45,59.57,61.04,1043483,678600000
2021-06-10,65.5035,74.7967,65,69.58,7598947,678600000
2021-06-11,68.85,74.78,68.28,74.75,2756006,678600000
2021-06-14,74.75,76.76,73.3,75.57,1448028,678600000
2021-06-15,75.88,76.51,71.92,74.25,937989,678600000
2021-06-16,74.03,75.91,71.51,75.38,952948,678600000
2021-06-17,76.28,77.24,72.3437,74.28,1021708,678600000
2021-06-18,73.1,74.8497,72.57,73.05,1321615,678600000
2021-06-21,73.44,76.05,72.85,75.49,918588,678600000
2021-06-22,75.07,78.46,74.53,76.09,1052379,678600000
2021-06-23,75.72,79.185,75.19,78.71,724456,678600000
2021-06-24,79.5,80.2,77.82,79.52,791543,678600000
2021-06-25,80.09,83,77.92,78.01,3476051,678600000
2021-06-28,78.58,78.66,76.46,78.13,770515,678600000
2021-06-29,78.26,78.98,76.1,76.37,568540,678600000
2021-06-30,76.17,81,76.17,80.79,666120,678600000
2021-07-01,81.1,82,79.22,79.8,557584,678600000
2021-07-02,79.48,80.16,78.105,79.02,418999,678600000
2021-07-06,79.2,79.61,75.28,77.93,532981,678600000
2021-07-07,77.04,77.86,74.27,76.12,533907,678600000
2021-07-08,73.58,75.23,70.61,73.96,723443,678600000
2021-07-09,75,77.95,75,76.63,532259,678600000
2021-07-12,75.51,77.96,74.11,76.93,386163,678600000
2021-07-13,76.51,76.875,74.012,75.2,529707,678600000
2021-07-14,75.86,76.99,72.94,73.11,498859,678600000
2021-07-15,72,72.25,68.62,70.3,683150,678600000
2021-07-16,71.2,71.92,66.97,67.25,671039,678600000
2021-07-19,64.69,65.86,62.19,62.89,984607,678600000
2021-07-20,63.29,66.23,62.12,65.21,810314,678600000
2021-07-21,66.19,69.295,66.1,68.57,542132,678600000
2021-07-22,68.56,68.56,65.04,66.91,463263,678600000
2021-07-23,67.95,67.95,65.64,67.23,429228,678600000
2021-07-26,67.67,68.58,66.18,67.7,329481,678600000
2021-07-27,67.04,68.27,64.08,65.65,512975,678600000
2021-07-28,66.01,66.79,63.9,65.12,440514,678600000
2021-07-29,65.12,67.01,65.02,65.44,368759,678600000
2021-07-30,64.84,67.49,64,64.34,308724,717900000
2021-08-02,64.81,67.36,64.13,65.4,710264,717900000
2021-08-03,65.62,66.86,62.37,65.76,453761,717900000
2021-08-04,64.61,65.1,61.7,61.73,502197,717900000
2021-08-05,61.38,63.7,60.47,61.8,558630,717900000
2021-08-06,63.22,64.48,62.55,63.1,438939,717900000
2021-08-09,62.35,64.21,61.36,63.3,437920,717900000
2021-08-10,63.59,68.46,63.59,67.94,522208,717900000
2021-08-11,67.54,68.8,66.08,68.66,517356,717900000
2021-08-12,68.8,70.34,65.83,68.59,427242,717900000
2021-08-13,68.14,70.12,67.42,68.98,566553,717900000
2021-08-16,68.82,69.41,67.07,68.82,564564,717900000
2021-08-17,67.21,67.615,63.06,64.68,819331,717900000
2021-08-18,64.23,67.8,64.23,66.22,551956,717900000
2021-08-19,65.34,67.7,64.51,66.61,678611,717900000
2021-08-20,67.11,71.02,66.655,70.46,1137948,717900000
2021-08-23,71.19,72.14,69.21,70.5,589006,717900000
2021-08-24,72.39,75.1,71.62,73.88,842845,717900000
2021-08-25,74.98,76.27,73.85,75.3,960618,717900000
2021-08-26,75.3,75.72,72.36,75.72,689957,717900000
2021-08-27,76.3,80.565,75.76,80.29,1083824,717900000
2021-08-30,81.01,82.01,79.58,80.1,1221627,717900000
2021-08-31,79.59,80.83,78.7701,79.2,1264412,717900000
2021-09-01,79.94,82,79.84,80.66,1642533,717900000
2021-09-02,88,88.4994,83.23,85.26,2112552,717900000
2021-09-03,83.58,85.42,81.11,83.3,1113941,717900000
2021-09-07,83.56,83.99,77.89,77.98,1062131,717900000
2021-09-08,77.61,77.74,74.38,74.89,1048139,717900000
2021-09-09,75.48,78.56,73.14,77.48,1080497,717900000
2021-09-10,77.74,79,76.72,76.91,853989,717900000
2021-09-13,77.28,78.535,75.13,76.83,611556,717900000
2021-09-14,77.28,77.35,74.57,77.19,723391,717900000
2021-09-15,76.84,78.5,76.03,78.43,669238,717900000
2021-09-16,80.19,83.65,79.33,81.8,1388699,717900000
2021-09-17,82.4,84.17,80.9,81.74,1503360,717900000
2021-09-20,78.19,80.94,77.29,79.67,738129,717900000
2021-09-21,80.86,81.75,79.205,79.45,472468,717900000
2021-09-22,79.79,82.5,79.59,81.16,518260,717900000
2021-09-23,81.7,83.37,81.655,82.66,780785,717900000
2021-09-24,81.85,82.525,80.515,80.97,381567,717900000
2021-09-27,81.05,84.83,81.01,84.48,905953,717900000
2021-09-28,83.6,85.88,83.4,84.29,557686,717900000
2021-09-29,84.85,86.34,84.11,85.4,501212,717900000
2021-09-30,85.07,85.07,78,78.96,1224670,717900000
2021-10-01,79.39,81.97,78.16,81.54,875483,717900000
2021-10-04,80.98,84.21,80.75,84.15,820105,717900000
2021-10-05,85.28,87.865,83.3,86.74,1125875,717900000
2021-10-06,84.86,87.61,83.33,84.83,1378568,717900000
2021-10-07,86.55,87.6769,85.72,87.12,578526,717900000
2021-10-08,86.77,88.83,85.06,85.5,555795,717900000
2021-10-11,85.06,85.8,82.04,82.05,617458,717900000
2021-10-12,87.11,87.11,78.23,81.62,1705351,717900000
2021-10-13,83.48,85.74,82.1,84.68,892678,717900000
2021-10-14,85.01,87.3984,84.42,86.75,714884,717900000
2021-10-15,88.08,89.32,86.45,86.48,810310,717900000
2021-10-18,85.8,88.82,85.04,88.59,929707,717900000
2021-10-19,89.04,90.7226,88.295,89.13,730400,717900000
2021-10-20,89.38,90.645,88.4,88.65,540217,717900000
2021-10-21,88.29,90.915,88.29,89.8,632930,717900000
2021-10-22,89.45,90.53,88.27,90.07,444914,717900000
2021-10-25,90.34,93.61,90.11,91.31,508630,717900000
2021-10-26,92.05,92.49,86.64,87.26,699288,717900000
2021-10-27,86.5,87.45,84.6,86.73,557981,717900000
2021-10-28,86.73,89.655,86.73,88.96,547047,717900000
2021-10-29,88.91,90.84,88.63,89.18,570212,575700000
2021-11-01,92.92,97.36,91.25,96.39,1333617,575700000
2021-11-02,96.26,98.56,96,97.71,696279,575700000
2021-11-03,97.56,103.24,97.51,103.18,966763,575700000
2021-11-04,103.56,105.08,102.5,105.01,735254,575700000
2021-11-05,106.78,109.5,106.09,106.47,905041,575700000
2021-11-08,107.76,108.89,103.7401,104.62,590923,575700000
2021-11-09,104.34,106.46,102.62,103.6,730741,575700000
2021-11-10,102.01,102.87,99.56,100.76,807910,575700000
2021-11-11,101.75,106.3299,101,104.08,756762,575700000
2021-11-12,104.1,104.57,102.045,103.03,514282,575700000
2021-11-15,104.59,104.9499,99.75,101.65,935700,575700000
2021-11-16,101.41,105.86,99.8533,105.03,672470,575700000
2021-11-17,104.49,104.57,101.21,103.33,603322,575700000
2021-11-18,105.76,111.8,105.06,109.8,805516,575700000
2021-11-19,107.75,110.27,107.22,108.17,723803,575700000
2021-11-22,110.46,111.92,108.535,109.13,676974,575700000
2021-11-23,108.46,109.29,103.6,105.64,753463,575700000
2021-11-24,103.77,105.45,101.82,104.82,560005,575700000
2021-11-26,100.22,103.47,97.3,103.06,800941,575700000
2021-11-29,105.93,107,100.25,102.93,698807,575700000
2021-11-30,101.5,102.5,95.335,97.14,1327461,575700000
2021-12-01,99.88,100.5,92.8,92.94,1313975,575700000
2021-12-02,89.82,93.34,85.72,88.17,1925324,575700000
2021-12-03,91.56,91.84,83.49,84.48,1233385,575700000
2021-12-06,85.59,87.87,83.11,87.25,1206668,575700000
2021-12-07,88.97,90.55,87.26,89.27,769525,575700000
2021-12-08,89.28,89.89,87.27,89.11,855293,575700000
2021-12-09,88.67,90.68,87.77,87.88,746798,575700000
2021-12-10,87.55,88.14,84.12,87.97,836028,575700000
2021-12-13,86.75,87.55,81.77,82.07,892392,575700000
2021-12-14,81.14,85.01,80.43,82.96,954587,575700000
2021-12-15,82.38,85.11,80.76,84.86,891862,575700000
2021-12-16,85.27,85.8863,80.02,81.44,972839,575700000
2021-12-17,80.82,85.06,79.02,83.7,2987848,575700000
2021-12-20,82.19,83.5,76.66,79.61,1275871,575700000
2021-12-21,80.99,86.65,80.635,84.95,1359004,575700000
2021-12-22,84.84,85.49,81.89,84.29,787428,575700000
2021-12-23,84.85,85.85,82.0803,83.54,625357,575700000
2021-12-27,83.77,86.29,83.02,86.06,725020,575700000
2021-12-28,85.5,86.66,81.36,81.47,1329800,575700000
2021-12-29,81,86.5,81,85.6,1251697,575700000
2021-12-30,84.99,88.06,84.99,86.34,794945,575700000
2021-12-31,85.86,87.53,83.47,87.03,926024,575700000
2022-01-03,89.96,98.67,89.2,93.02,1923697,575700000
2022-01-04,92.84,97.3,92.62,95.38,877086,575700000
2022-01-05,95.53,97,92.38,92.92,893700,575700000
2022-01-06,94.42,96.4,92.5,94.22,768209,575700000
2022-01-07,93.44,95.11,90.88,90.89,842963,575700000
2022-01-10,89.8,89.98,82.53,85.24,1364995,575700000
2022-01-11,84.22,86.73,82.43,86.3,1049005,575700000
2022-01-12,87.23,88.575,85.18,87.81,764887,575700000
2022-01-13,88.72,94.34,88.23,90.23,1220734,575700000
2022-01-14,89.96,90.08,85.67,89.52,876572,575700000
2022-01-18,88.3,89.39,85.14,88.17,757690,575700000
2022-01-19,89.82,91.72,87.23,87.41,677605,575700000
2022-01-20,92.25,92.25,78.51,78.99,3095813,575700000
2022-01-21,78.51,81.68,76.08,80,4594647,575700000
2022-01-24,77.37,86.37,76.32,85.87,2195245,575700000
2022-01-25,83.67,85.52,81.83,83.58,1163939,575700000
2022-01-26,86,86.96,79.02,79.93,1585444,575700000
2022-01-27,81.5,84.09,80.7101,81.76,940432,575700000
2022-01-28,81.67,85.49,81.49,85.44,920335,575700000
2022-01-31,83.74,87.085,83.53,86.13,864889,1152800000
2022-02-01,86.25,87.985,85.1,86.48,932981,1152800000
2022-02-02,87.75,88.435,82.1,85.25,1021850,1152800000
2022-02-03,84.2,85.82,81.15,81.8,897391,1152800000
2022-02-04,82.01,85.325,80.46,84.19,774470,1152800000
2022-02-07,84.08,85.7,82.065,82.32,724852,1152800000
2022-02-08,81.77,86,80.9,84.2,863421,1152800000
2022-02-09,85.04,87.84,84.4,86.56,786733,1152800000
2022-02-10,85.15,88.18,83.6,84.39,709857,1152800000
2022-02-11,85.2,85.38,80.4004,81.29,1072101,1152800000
2022-02-14,81,82.35,77.25,78.34,1216858,1152800000
2022-02-15,80,82.06,79.82,80.68,1356368,1152800000
2022-02-16,79.83,81.325,78.09,79.35,1323331,1152800000
2022-02-17,78.73,80.685,76.505,76.68,985167,1152800000
2022-02-18,75.83,78.9,75.82,77.81,1099334,1152800000
2022-02-22,77.11,79.675,74.59,75.01,1101897,1152800000
2022-02-23,75.29,75.81,72.3,72.78,1033668,1152800000
2022-02-24,69.41,73.48,68.93,72.9,1765498,1152800000
2022-02-25,72.63,72.7,69.35,72.1,1499209,1152800000
2022-02-28,71.8,72.63,69.18,70.5,1438539,1152800000
2022-03-01,70.55,71.37,66.56,66.95,1312493,1152800000
2022-03-02,68.37,72.25,67.21,71.7,1432351,1152800000
2022-03-03,71.28,71.53,68.43,70.48,1055198,1152800000
2022-03-04,69.7,70.39,67.23,67.69,841988,1152800000
2022-03-07,67.3,67.3,60.83,61.92,2365545,1152800000
2022-03-08,62.66,66.66,62.31,64.42,1207911,1152800000
2022-03-09,66.5,68.765,66.2281,67.43,1020828,1152800000
2022-03-10,66.12,68.67,65.66,68,995381,1152800000
2022-03-11,68.84,69.47,65.38,65.73,749011,1152800000
2022-03-14,69,74.31,67.26,71.65,2516368,1152800000
2022-03-15,71.72,74.37,71.47,72.57,1823437,1152800000
2022-03-16,73.64,78.38,73.63,77.72,1985204,1152800000
2022-03-17,83.205,84.7999,71.4,83.14,5614353,1152800000
2022-03-18,83.8,83.86,80.15,80.15,3457326,1152800000
2022-03-21,81.24,83.57,79.5,82.1,1293193,1152800000
2022-03-22,83.25,84.11,80.81,82.73,1039279,1152800000
2022-03-23,81.37,81.52,78.48,78.64,1071487,1152800000
2022-03-24,78.83,80.55,78.32,79.17,867365,1152800000
2022-03-25,79.71,80.01,76.99,77.68,1066638,1152800000
2022-03-28,77.21,77.35,73.12,76.23,1310526,1152800000
2022-03-29,77.58,81.16,77.315,80.48,1186769,1152800000
2022-03-30,79.74,80.17,75.63,75.93,879416,1152800000
2022-03-31,74.72,75.1,72.39,72.7,1044638,1152800000
2022-04-01,72.93,73.05,70.46,70.94,1137030,1152800000
2022-04-04,70.81,71.66,69.62,70.82,1088446,1152800000
2022-04-05,70.46,70.59,68.06,69.35,1137067,1152800000
2022-04-06,68,68.32,65.28,66.94,1640508,1152800000
2022-04-07,66.5,68.59,65.01,68.1,1529359,1152800000
2022-04-08,67.86,71.2,67,70.14,1215952,1152800000
2022-04-11,69.63,73.08,69.25,70.98,1221881,1152800000
2022-04-12,72.4,75.9,71.91,72.34,1352018,1152800000
2022-04-13,72.36,76.675,71.385,76.29,1279493,1152800000
2022-04-14,76.35,79.05,75.72,77.55,1369869,1152800000
2022-04-18,77.05,79.7653,76.81,78.44,1337458,1152800000
2022-04-19,78.79,82.23,78.79,81.54,1291128,1152800000
2022-04-20,82,82.95,79.92,81.23,1090611,1152800000
2022-04-21,82.92,83.73,79.97,80.38,1177100,1152800000
2022-04-22,79.1,80.24,75.08,75.35,1387603,1152800000
2022-04-25,74.45,75,72.45,74.16,1388773,1152800000
2022-04-26,72.19,72.68,69.4301,70.26,1613913,1152800000
2022-04-27,70.25,72.62,69.72,71.76,1055923,1152800000
2022-04-28,72.97,75.24,71.06,74.68,883438,1152800000
2022-04-29,74.07,74.15,69.56,70.2,1071242,723700000
2022-05-02,70.19,73.94,69.14,73.67,771083,723700000
2022-05-03,73.78,74.67,72.6919,73.7,635781,723700000
2022-05-04,73.44,74.72,69.85,74.39,826083,723700000
2022-05-05,73.01,73.655,67.89,69.41,1275735,723700000
2022-05-06,68.62,70.43,66.07,68.59,797013,723700000
2022-05-09,66.85,69.54,66.09,68.33,818571,723700000
2022-05-10,69.46,70.4128,63.105,64.78,1631326,723700000
2022-05-11,65.09,65.41,60.72,60.85,959092,723700000
2022-05-12,60.51,65.74,59.44,62.6,1394770,723700000
2022-05-13,63.61,65.05,60.91,61.73,1635170,723700000
2022-05-16,61.16,61.71,58.89,60.01,1400174,723700000
2022-05-17,61.7,62.5,58.35,61.81,1025881,723700000
2022-05-18,59.36,59.468,55.155,57.43,2050426,723700000
2022-05-19,56.06,57.85,53.98,56.23,1812116,723700000
2022-05-20,56.91,57.14,52.3826,54.74,1398511,723700000
2022-05-23,55.25,57.17,54.05,54.98,1132129,723700000
2022-05-24,53.53,53.72,48.305,50.25,1753810,723700000
2022-05-25,49.44,57.45,49.44,56.42,1788668,723700000
2022-05-26,58.21,63.28,58.19,60.99,1548828,723700000
2022-05-27,60.71,62.71,59.46,60.47,885951,723700000
2022-05-31,59.5,60.48,57.2,59.6,1021563,723700000
2022-06-01,60.26,61.15,58.42,60.67,968072,723700000
2022-06-02,61,63.38,60.85,62.87,1040194,723700000
2022-06-03,62.22,63.18,61.341,62.61,763264,723700000
2022-06-06,63.88,64.22,61.53,63.45,1082113,723700000
2022-06-07,62.68,65.75,61.16,64.51,1007854,723700000
2022-06-08,63.74,63.94,61.31,62.2,1689242,723700000
2022-06-09,65.56,69.75,64.95,67.83,5040864,723700000
2022-06-10,65.09,65.9319,60.96,61.67,1837515,723700000
2022-06-13,59.81,60.29,57.385,58.39,1396685,723700000
2022-06-14,58.02,61.21,58.01,61.07,1193877,723700000
2022-06-15,61.71,63.1495,60.5,61.6,1033384,723700000
2022-06-16,59.48,59.52,56.12,56.73,1509907,723700000
2022-06-17,57.2,59.58,56.43,58.8,2848223,723700000
2022-06-21,60.62,61.375,56.905,57.41,1114254,723700000
2022-06-22,55.86,57.79,55.38,55.97,1046778,723700000
2022-06-23,55.8,57.83,55.25,57.28,1128437,723700000
2022-06-24,57.53,62.92,57.53,61.88,2651675,723700000
2022-06-27,62.71,62.94,58.79,59.1,844413,723700000
2022-06-28,59.7,60.36,57.51,57.53,669348,723700000
2022-06-29,57.02,57.02,54.54,55.33,798630,723700000
2022-06-30,53.9,54.7,52.74,53.46,992096,723700000
2022-07-01,52.82,53.59,50.84,53.55,917046,723700000
2022-07-05,51.99,54.855,51.59,54.56,692242,723700000
2022-07-06,54.45,55.27,51.525,52.54,754414,723700000
2022-07-07,52.98,56.575,52.98,56.06,789639,723700000
2022-07-08,56.37,56.58,54.96,55.68,456391,723700000
2022-07-11,55.5,56.08,53.8,54.27,386292,723700000
2022-07-12,54.05,55.73,52.94,53.55,635345,723700000
2022-07-13,53.37,53.98,51.62,53.93,806288,723700000
2022-07-14,52.84,54.405,52.42,53.35,564940,723700000
2022-07-15,54.25,55.55,52.73,55.34,623493,723700000
2022-07-18,56.7,58.96,56.49,56.6,745835,723700000
2022-07-19,57.23,60.48,57.23,60.11,877467,723700000
2022-07-20,60.25,61.85,59.49,61.58,695728,723700000
2022-07-21,61.22,61.369,59.45,61.28,492562,723700000
2022-07-22,60.82,62.68,58.87,59.43,442120,723700000
2022-07-25,59.58,59.58,58,58.79,413324,723700000
2022-07-26,56.63,57.105,54.84,56.52,578736,723700000
2022-07-27,57.28,58.51,55.18,57.99,358689,723700000
2022-07-28,58,60.815,56.47,60.61,552544,723700000
2022-07-29,61.16,61.457,59,60.96,432328,664400000
2022-08-01,60.01,61.54,59.51,61.32,471133,664400000
2022-08-02,61.15,62.44,59.94,61.48,307863,664400000
2022-08-03,62.05,64.91,62.05,64.62,579817,664400000
2022-08-04,64.27,65.54,63.92,64.01,436904,664400000
2022-08-05,63.1,65.02,62.31,63.68,328110,664400000
2022-08-08,64.17,68.48,64.17,67.67,713969,664400000
2022-08-09,64.89,65.08,57.3202,59.75,2269656,664400000
2022-08-10,61.59,65.31,61.42,64.56,1233014,664400000
2022-08-11,65.33,68.18,64.66,65.9,1028012,664400000
2022-08-12,66.03,67.84,64.75,67.82,745789,664400000
2022-08-15,67.72,67.99,66.43,67.06,498594,664400000
2022-08-16,67.57,72.31,67,70.45,808108,664400000
2022-08-17,68.68,70.5879,68.39,69.1,680543,664400000
2022-08-18,68.36,70.99,67.79,70.62,546526,664400000
2022-08-19,70.07,70.15,67.75,68.34,350119,664400000
2022-08-22,67,67.63,65.57,66.24,553208,664400000
2022-08-23,67.11,69.1,67.11,69.1,609049,664400000
2022-08-24,68.98,69.49,67.23,67.97,618373,664400000
2022-08-25,68.3,71.39,67.71,70.73,873234,664400000
2022-08-26,71,71.4199,68.08,68.4,721411,664400000
2022-08-29,68.4,70.8,66.43,66.68,719362,664400000
2022-08-30,67.2,67.745,64.67,65.94,568129,664400000
2022-08-31,65.89,66.8,64.21,65.37,789659,664400000
2022-09-01,63,63.54,56.525,57.5,2100906,664400000
2022-09-02,58.07,58.2321,54.4601,55.18,1808930,664400000
2022-09-06,55.33,55.7,52.88,53.47,1380214,664400000
2022-09-07,53.24,55.94,52.83,55.72,967360,664400000
2022-09-08,54.72,57.98,54,57.96,1221014,664400000
2022-09-09,58.87,63.95,58.545,63.44,1275750,664400000
2022-09-12,64.33,65.45,62.01,63.56,720511,664400000
2022-09-13,60.95,61.62,57.765,58.14,831548,664400000
2022-09-14,57.91,58.27,55.41,56.71,839149,664400000
2022-09-15,56.26,58.41,56.26,58.09,687453,664400000
2022-09-16,56.52,57.94,55.56,56.9,1519927,664400000
2022-09-19,56.36,58.92,56.36,57.12,619293,664400000
2022-09-20,56.38,57.04,55.82,56.57,660996,664400000
2022-09-21,57.25,58.4112,55.73,55.74,562062,664400000
2022-09-22,55.95,55.95,52.91,53.44,624478,664400000
2022-09-23,52.06,53.78,51.29,53.62,759309,664400000
2022-09-26,53.43,54.86,52.72,53.09,670360,664400000
2022-09-27,54.18,54.78,51.97,53.95,587230,664400000
2022-09-28,54.56,57.08,54.19,56.85,677897,664400000
2022-09-29,55.18,56.08,54.25,55.9,562425,664400000
2022-09-30,54.94,58.26,52.77,57.19,1626036,664400000
2022-10-03,57.77,59.61,56.16,58.84,1538719,664400000
2022-10-04,60.65,61.98,60.07,61.89,1114352,664400000
2022-10-05,60.52,61.76,58.535,59.25,1029709,664400000
2022-10-06,58.67,60.65,58.28,59.73,412989,664400000
2022-10-07,58.86,59.285,56.75,57.36,606448,664400000
2022-10-10,57.71,57.9,55.21,56.72,530965,664400000
2022-10-11,56.81,61.21,56.45,59.81,939500,664400000
2022-10-12,60.06,60.99,58.46,60.29,637773,664400000
2022-10-13,58.81,61.36,56.875,60.89,714156,664400000
2022-10-14,61.5,62.12,58.38,58.66,542577,664400000
2022-10-17,60.54,60.92,58.87,60.12,553577,664400000
2022-10-18,61.81,63,60.57,61.12,777380,664400000
2022-10-19,60.12,61,55.93,56.61,1113165,664400000
2022-10-20,56.72,58.66,55.16,55.16,869966,664400000
2022-10-21,55.6,57.065,54.46,56.5,707913,664400000
2022-10-24,56.55,59.08,55.19,58.85,746025,664400000
2022-10-25,59.11,64.31,59.11,64.04,651389,664400000
2022-10-26,63.92,65.98,62.82,65.14,793359,664400000
2022-10-27,65.82,67.06,64.86,66.2,499788,664400000
2022-10-28,66.18,67.85,64.01,67.29,709098,664400000
2022-10-31,66.66,66.785,64.14,65.24,897043,552200000
2022-11-01,66.75,67,64.74,66.57,479604,552200000
2022-11-02,66.19,68.17,63.6,63.69,557728,552200000
2022-11-03,62.95,64.355,62.16,63.74,534289,552200000
2022-11-04,65.31,65.79,61.66,63.01,843810,552200000
2022-11-07,63.93,65.115,62.24,64.83,550708,552200000
2022-11-08,65.63,65.63,62.285,63.01,556204,552200000
2022-11-09,62.39,63.31,59.42,59.49,582582,552200000
2022-11-10,63.855,66.49,63.38,64.63,810542,552200000
2022-11-11,65.26,67.48,64.82,66.1,894371,552200000
2022-11-14,65.28,65.35,62.11,62.22,987627,552200000
2022-11-15,64,65.67,62.71,62.98,683496,552200000
2022-11-16,60.85,61.78,57.8229,59.25,913832,552200000
2022-11-17,58.26,61.23,58.07,61.16,695153,552200000
2022-11-18,63.02,64.27,61.06,62.68,664611,552200000
2022-11-21,62.34,62.67,60.04,62.53,653370,552200000
2022-11-22,63.76,66.625,62.25,65.04,834489,552200000
2022-11-23,64.13,65.44,63.51,64.63,526159,552200000
2022-11-25,64.43,65.61,64.22,64.42,222724,552200000
2022-11-28,63.15,64.325,62.06,62.73,557969,552200000
2022-11-29,62.93,65.1,62.64,64.45,441649,552200000
2022-11-30,65.34,65.39,63.47,65,661884,552200000
2022-12-01,64.21,65.84,62.7,63.3,472426,552200000
2022-12-02,61.5,62.94,60.285,61.47,1016187,552200000
2022-12-05,61.26,61.26,57.43,57.83,1343000,552200000
2022-12-06,64,70.57,63.95,69.54,5435274,552200000
2022-12-07,70.77,74.03,68.7,73.78,1759312,552200000
2022-12-08,73.93,74.36,68.825,69.47,1570627,552200000
2022-12-09,68.41,69.19,67.17,68.27,1071791,552200000
2022-12-12,68.22,68.69,66.9,68.62,773028,552200000
2022-12-13,71.61,72.91,70.06,70.34,777811,552200000
2022-12-14,70.26,71.73,69.82,71.18,488636,552200000
2022-12-15,69.92,69.965,66.62,66.7,790679,552200000
2022-12-16,65.04,66.9,64.75,65.44,3641169,552200000
2022-12-19,65.26,65.94,64.1127,64.18,750579,552200000
2022-12-20,63.88,66.9,63.09,66.26,602716,552200000
2022-12-21,67.09,69.18,66.91,68.64,637917,552200000
2022-12-22,67.45,67.62,64.62,66.41,561039,552200000
2022-12-23,66.02,68.1,65.45,68.05,540243,552200000
2022-12-27,67.96,68.74,67.02,68.34,481772,552200000
2022-12-28,68.18,68.59,66.1,66.11,565217,552200000
2022-12-29,66.43,68.8,65.28,68.05,627140,552200000
2022-12-30,67.32,68.79,67.01,68,459600,552200000
2023-01-03,68.61,69.52,66.15,66.2,555497,552200000
2023-01-04,66.83,68.72,66.19,68.11,688781,552200000
2023-01-05,67.36,68.24,66.4,67.16,544734,552200000
2023-01-06,68.2,71.9804,67.67,71.49,783701,552200000
2023-01-09,71.77,73.29,70.16,72.36,706477,552200000
2023-01-10,71.96,73.725,70.685,73.43,560707,552200000
2023-01-11,73.57,75.69,72.39,72.81,557108,552200000
2023-01-12,73.15,74.45,71.58,72.25,613638,552200000
2023-01-13,70.65,72.36,70.65,72.04,419613,552200000
2023-01-17,71.6,74.875,71.32,74.21,671579,552200000
2023-01-18,74.57,75.77,72.74,73.3,476627,552200000
2023-01-19,72.69,73.32,71.3,72.2,653139,552200000
2023-01-20,72.74,73.685,71.14,71.98,568541,552200000
2023-01-23,72.15,77.94,72.15,77.56,841036,552200000
2023-01-24,77.52,77.52,75.4,76.04,372144,552200000
2023-01-25,74.95,77.2,74.29,76.95,383613,552200000
2023-01-26,77.44,79,75.35,75.62,513132,552200000
2023-01-27,75.54,76.42,74.95,76,372057,552200000
2023-01-30,74.85,77,74.77,76.19,456424,552200000
2023-01-31,76.59,77.59,75.71,76.81,642837,1110100000
2023-02-01,76.67,80.25,75.74,79.49,573675,1110100000
2023-02-02,80.4,83,79.98,82.1,589088,1110100000
2023-02-03,80.9,83.42,80.22,80.82,581190,1110100000
2023-02-06,80.13,80.56,78.18,78.76,520537,1110100000
2023-02-07,78.21,79.77,77.05,79.19,418284,1110100000
2023-02-08,77.83,78.56,76.34,76.52,575476,1110100000
2023-02-09,77.82,78.88,75.96,76.4,448667,1110100000
2023-02-10,75.36,76.78,74.095,76.12,420260,1110100000
2023-02-13,76.42,77.39,74.88,77.27,508409,1110100000
2023-02-14,76.41,77.71,75.36,76.98,486952,1110100000
2023-02-15,76.16,78.93,76.16,78.31,404548,1110100000
2023-02-16,76.6,78.57,76.44,77.48,553920,1110100000
2023-02-17,77.75,78.37,75.53,76.34,542254,1110100000
2023-02-21,74.61,75.65,72.38,73.56,703629,1110100000
2023-02-22,73.39,75.34,73.105,74.41,555756,1110100000
2023-02-23,74.26,75.5,74.06,74.26,617610,1110100000
2023-02-24,72.81,73.3,71.98,73.28,503992,1110100000
2023-02-27,74.26,74.47,72.78,73.45,528433,1110100000
2023-02-28,73.32,73.625,71.43,71.62,782449,1110100000
2023-03-01,70.92,72.95,70.255,71.63,806684,1110100000
2023-03-02,70.92,73.3,70.175,73.25,523560,1110100000
2023-03-03,74.25,75.02,72.92,74.93,475999,1110100000
2023-03-06,75.15,75.55,73.12,73.22,846618,1110100000
2023-03-07,73.78,74.01,71.78,71.83,599282,1110100000
2023-03-08,72.27,73.03,71,72.64,610632,1110100000
2023-03-09,72.6,73.405,71.81,71.86,676662,1110100000
2023-03-10,71.3,72.25,69.9,70.67,713374,1110100000
2023-03-13,68.99,69.43,66.975,67.84,1025238,1110100000
2023-03-14,69.85,70.615,67.96,69.07,953068,1110100000
2023-03-15,66.55,69.21,65.69,67.88,1318834,1110100000
2023-03-16,71.82,77.56,70.61,75.52,2128154,1110100000
2023-03-17,74.06,76.66,72.73,73.3,2515001,1110100000
2023-03-20,73.92,74.315,72.54,73.67,1060363,1110100000
2023-03-21,75,75.92,74.205,74.7,976430,1110100000
2023-03-22,74.55,77.01,74,74.04,823111,1110100000
2023-03-23,74.34,74.34,71.7,72.96,773530,1110100000
2023-03-24,71.33,72.53,70.215,72.46,610545,1110100000
2023-03-27,73.35,73.95,72.2,73.77,529727,1110100000
2023-03-28,74.13,77.28,73.09,76.8,908922,1110100000
2023-03-29,77.03,77.59,74.08,75.02,952446,1110100000
2023-03-30,75.75,76.98,75.09,75.3,725203,1110100000
2023-03-31,75.8,77.92,74.92,77.78,620404,1110100000
2023-04-03,78.52,79.18,76.99,77.11,797061,1110100000
2023-04-04,77.61,77.62,76.1,76.97,553814,1110100000
2023-04-05,76,76.27,74.06,74.78,698863,1110100000
2023-04-06,74.29,74.45,71.92,71.97,671116,1110100000
2023-04-10,71.39,74.72,71.39,72.73,804167,1110100000
2023-04-11,73.38,75.96,72.78,75.79,848266,1110100000
2023-04-12,76.8,77.21,72.71,72.9,590715,1110100000
2023-04-13,73.5,74.94,72.94,74.11,446940,1110100000
2023-04-14,74.95,77.15,73.73,74,698455,1110100000
2023-04-17,74.44,76.02,74.41,75.4,1012430,1110100000
2023-04-18,76.9,79.01,76.9,78.13,1584553,1110100000
2023-04-19,77.93,80.3,77.23,78.96,1230500,1110100000
2023-04-20,78,80.26,75.54,75.76,1035045,1110100000
2023-04-21,75.8,76.2799,74.07,74.99,710698,1110100000
2023-04-24,74.81,77.29,74.36,77.12,464662,1110100000
2023-04-25,76.16,76.4565,73.304,74,782197,1110100000
2023-04-26,74.22,76.295,73.67,75.41,656514,1110100000
2023-04-27,75.55,75.79,73.34,73.82,444257,1110100000
2023-04-28,73.18,74.88,73.09,73.58,433962,631500000
2023-05-01,73.53,74.44,69.25,70.6,1005426,631500000
2023-05-02,70.24,72.04,69.01,72,717426,631500000
2023-05-03,71.76,71.845,68.955,69.21,653377,631500000
2023-05-04,68.54,70.03,66.11,67.19,723254,631500000
2023-05-05,68.19,69.73,68.04,69.46,474572,631500000
2023-05-08,70.33,70.75,69.19,70.37,501490,631500000
2023-05-09,69.78,71.16,68.67,70.42,554579,631500000
2023-05-10,71.6,71.98,69.955,70.2,764354,631500000
2023-05-11,69.76,73.2,69.7,71.75,977278,631500000
2023-05-12,71.96,72.82,71.33,72.18,573016,631500000
2023-05-15,72.4,74.13,71.56,73.35,1013735,631500000
2023-05-16,72.22,72.41,70.09,70.66,982738,631500000
2023-05-17,71.2,74.34,70.74,74.21,810327,631500000
2023-05-18,74.7,75.655,73.81,74.77,564468,631500000
2023-05-19,74.47,74.47,69.57,70.33,1279959,631500000
2023-05-22,70.16,71.42,70.15,70.98,821322,631500000
2023-05-23,70.03,72.91,69.45,71.13,852111,631500000
2023-05-24,71.41,72.12,69.54,71,609831,631500000
2023-05-25,70.79,71.72,67.94,69.05,752556,631500000
2023-05-26,68.4,69.91,67.525,69.36,617810,631500000
2023-05-30,70.2,70.2,65.26,65.29,1378416,631500000
2023-05-31,64.89,65.5,63.08,63.49,1242884,631500000
2023-06-01,63.14,63.44,61.35,61.78,1626111,631500000
2023-06-02,62.9,65.67,62.575,65.44,1052523,631500000
2023-06-05,64.51,64.9,62.02,64.21,1379669,631500000
2023-06-06,64.01,68.1,63.66,67.74,927564,631500000
2023-06-07,68.52,70.23,67.68,69.52,1494198,631500000
2023-06-08,61.11,64.13,61,62.11,3613789,631500000
2023-06-09,61.27,62.44,58.63,59.89,1926100,631500000
2023-06-12,59.26,59.86,57.77,59.38,1091345,631500000
2023-06-13,59.83,60.01,58.155,58.61,1138008,631500000
2023-06-14,58.79,59.15,57.35,57.55,988839,631500000
2023-06-15,57.15,59.88,57.1,59.84,1204644,631500000
2023-06-16,60.96,60.96,59.35,60.36,2027119,631500000
2023-06-20,59.92,63.07,59.8,62.64,1628539,631500000
2023-06-21,62.44,64.26,62.06,63.62,1165808,631500000
2023-06-22,63.55,63.55,61.86,62.16,812675,631500000
2023-06-23,61.4,63.035,61.37,62.32,1074237,631500000
2023-06-26,62.16,64.27,61.82,63.94,928461,631500000
2023-06-27,63.82,65.71,62.79,64.62,746162,631500000
2023-06-28,64.08,64.13,62.68,63.81,839840,631500000
2023-06-29,64.19,65.75,64.01,64.98,855800,631500000
2023-06-30,65.19,65.91,64.21,65.26,798769,631500000
2023-07-03,65.5,67.26,65.3,66.96,550897,631500000
2023-07-05,66.42,66.89,65.52,66.5,841440,631500000
2023-07-06,65.76,66.825,65.12,65.74,693682,631500000
2023-07-07,65.65,68.68,65.65,68.52,803900,631500000
2023-07-10,68.76,72.15,68.76,71.96,1201644,631500000
2023-07-11,72.11,73.47,71.74,73.43,1002761,631500000
2023-07-12,74.02,74.48,72.56,72.81,713631,631500000
2023-07-13,72.72,72.72,70.84,72.12,1007761,631500000
2023-07-14,71.92,71.98,69.49,70.5,590388,631500000
2023-07-17,69,70.55,68.3401,69.87,796142,631500000
2023-07-18,69.73,72.26,68.79,72.2,794361,631500000
2023-07-19,72.52,73.08,71.035,72.88,796137,631500000
2023-07-20,72.9,73.41,71,73.39,544937,631500000
2023-07-21,74,74.03,72.44,72.54,539960,631500000
2023-07-24,72.76,73.96,72.33,73.44,437628,631500000
2023-07-25,73.09,74.75,72.68,74.25,681041,631500000
2023-07-26,74.43,75.99,74.2,75.87,687278,631500000
2023-07-27,75.83,78.07,75,76.79,657603,631500000
2023-07-28,77.79,79.92,77.65,79.84,521449,631500000
2023-07-31,80,81.93,79.74,80.49,727993,610500000
2023-08-01,80.05,80.32,78.115,79.37,817390,610500000
2023-08-02,78.45,79.99,78.15,78.35,598537,610500000
2023-08-03,78.53,79.19,77.54,78.2,573049,610500000
2023-08-04,78.51,81.385,77.51,80.77,490409,610500000
2023-08-07,80.77,83.36,80.45,83.05,463158,610500000
2023-08-08,82,82.15,80.37,82.07,467132,610500000
2023-08-09,81.99,81.99,79.75,80.05,568508,610500000
2023-08-10,80.61,82.1,78.75,79.54,541280,610500000
2023-08-11,79.01,79.22,77.7,78.27,484786,610500000
2023-08-14,77.94,78.63,76.745,77.77,614812,610500000
2023-08-15,77.5,78.95,76.48,78.15,511410,610500000
2023-08-16,78.19,78.34,75.895,75.94,462739,610500000
2023-08-17,76.49,77.17,74.07,74.58,611740,610500000
2023-08-18,73.96,75.855,73.75,75.4,498059,610500000
2023-08-21,75.54,75.69,72.4,73.13,764471,610500000
2023-08-22,71.31,72.05,69.2,70.03,877217,610500000
2023-08-23,69.42,72.43,68.26,71.46,655195,610500000
2023-08-24,71,72.3,70.55,70.8,678584,610500000
2023-08-25,72,72.215,67.77,68.07,631551,610500000
2023-08-28,68.73,69.99,68.545,69.43,686296,610500000
2023-08-29,69.78,70.41,69.06,70.31,1115027,610500000
2023-08-30,70.31,72.53,69.73,71.46,1255718,610500000
2023-08-31,73.77,78.4,73.77,75,1375988,610500000
2023-09-01,75.79,79.04,74.645,78.62,948757,610500000
2023-09-05,77.53,77.805,74.47,74.55,891759,610500000
2023-09-06,73.82,74.97,72.78,73.43,881393,610500000
2023-09-07,73.81,75.76,73.5,75.51,835504,610500000
2023-09-08,74.39,75.52,74.1,74.85,616412,610500000
2023-09-11,75.75,77.7,74.925,74.94,674129,610500000
2023-09-12,74.73,75.67,73.77,74.68,492277,610500000
2023-09-13,74.49,75.98,73.33,74.8,838303,610500000
2023-09-14,75.21,77.76,74.525,77.75,788670,610500000
2023-09-15,77,77.31,75.64,76.32,1263971,610500000
2023-09-18,76.04,77.43,75.39,76.7,675493,610500000
2023-09-19,76.61,77.02,74.48,75.02,664747,610500000
2023-09-20,75.13,76.35,73.52,73.64,454378,610500000
2023-09-21,73.18,74.57,72.86,73.67,696399,610500000
2023-09-22,73.7,74.52,73.19,73.42,447685,610500000
2023-09-25,72.31,73.38,71.67,71.78,623639,610500000
2023-09-26,71.29,71.775,68.5,68.82,847276,610500000
2023-09-27,68.82,71.26,68.82,70.24,615274,610500000
2023-09-28,70.7,73.93,70.39,73.23,781661,610500000
2023-09-29,74.16,74.345,71.64,71.81,557744,610500000
2023-10-02,71.71,73.175,71.35,72.67,740676,610500000
2023-10-03,71.91,72.31,69.92,70.4,658274,610500000
2023-10-04,70.71,71.33,69.31,70.08,544319,610500000
2023-10-05,69.43,70,65.12,65.6,1041570,610500000
2023-10-06,65.42,69.005,65.118,68.48,736040,610500000
2023-10-09,67.46,72.02,67.46,71.62,667538,610500000
2023-10-10,72.05,73.08,71.19,71.58,503938,610500000
2023-10-11,71.47,72.11,69.915,71.21,532628,610500000
2023-10-12,70.75,70.75,68.16,69.18,441493,610500000
2023-10-13,69.36,69.96,68.96,69.26,399632,610500000
2023-10-16,70.8,72.55,69.705,72.41,624314,610500000
2023-10-17,72.26,75.11,71.38,74.94,845177,610500000
2023-10-18,74.36,75.51,73.26,74.84,631727,610500000
2023-10-19,74.61,75.48,73.24,73.73,675447,610500000
2023-10-20,73.79,73.825,71.65,71.72,605459,610500000
2023-10-23,71.53,74.26,70.4,72.05,522495,610500000
2023-10-24,73.22,73.79,70.47,71.37,491243,610500000
2023-10-25,70.5,71.62,67.69,69.97,652079,610500000
2023-10-26,69.6,70.06,67.9,68.69,415022,610500000
2023-10-27,68.95,69.73,67.34,67.72,510405,610500000
2023-10-30,68.17,70.07,67.61,69.4,561543,610500000
2023-10-31,69,70.36,67.9775,69.83,606716,501200000
2023-11-01,69.61,69.96,67.18,69.84,577977,501200000
2023-11-02,71.23,71.52,69.67,70.31,489192,501200000
2023-11-03,71.5,76.52,71.5,75.81,917722,501200000
2023-11-06,75.42,76.81,72.79,73.1,538377,501200000
2023-11-07,73.13,73.66,72.0578,72.56,411485,501200000
2023-11-08,71.98,72.88,70.365,70.8,346158,501200000
2023-11-09,71.79,71.79,68.8655,69.33,378304,501200000
2023-11-10,70,70.87,68.155,70.8,531805,501200000
2023-11-13,70.11,72.17,69.55,71.44,569671,501200000
2023-11-14,74,80.39,74,79.93,1191429,501200000
2023-11-15,80.43,84.54,79.71,81.65,1052873,501200000
2023-11-16,80.56,80.56,77.33,77.42,619162,501200000
2023-11-17,78.76,80.73,78.01,80.44,587585,501200000
2023-11-20,80.31,83.26,79.78,83,623757,501200000
2023-11-21,82.69,83.15,80.02,80.21,559701,501200000
2023-11-22,81.11,82.785,80.39,81.78,379620,501200000
2023-11-24,80.34,81.83,79.32,79.65,261011,501200000
2023-11-27,79.5,81.35,79.06,80.94,450910,501200000
2023-11-28,80.86,82.6,80.22,81.22,359151,501200000
2023-11-29,82.01,83.695,81.61,81.75,626776,501200000
2023-11-30,82,82.24,79.865,82.18,730156,501200000
2023-12-01,82.74,86.51,81.26,85.39,1171018,501200000
2023-12-04,84.97,87.125,84.105,84.79,1734283,501200000
2023-12-05,82.5,90.18,82,89.78,1967424,501200000
2023-12-06,92.29,96.8,92,95.34,1804845,501200000
2023-12-07,96.03,98.27,95.375,97.37,988512,501200000
2023-12-08,96.57,97.58,94.66,97.23,669435,501200000
2023-12-11,97.93,98.665,95.75,97.93,647737,501200000
2023-12-12,97.55,97.96,95.65,96.42,708795,501200000
2023-12-13,97,98.74,93.755,98.32,871067,501200000
2023-12-14,98.64,104.84,98.64,103.89,1133012,501200000
2023-12-15,104.13,104.55,101.02,102.09,2737642,501200000
2023-12-18,102.18,103.55,100.84,102.38,539591,501200000
2023-12-19,103.29,106.52,102.3,105.99,676987,501200000
2023-12-20,104.71,106.5,102.89,103.01,564806,501200000
2023-12-21,104.34,104.38,101.94,103.18,542164,501200000
2023-12-22,102.04,103.92,101.01,103.57,408976,501200000
2023-12-26,103.8,105.85,102.785,105.54,413308,501200000
2023-12-27,106.23,108.095,105.41,107.61,493686,501200000
2023-12-28,106.93,107.93,106.599,107.7,427305,501200000
2023-12-29,107.55,108.73,106.82,107.26,540964,501200000
2024-01-02,103.67,106.43,102.97,103.99,1237755,501200000
2024-01-03,102.45,102.78,99.75,99.78,873824,501200000
2024-01-04,99.22,100.08,97.94,98.74,940140,501200000
2024-01-05,98.06,100.73,97.76,98.98,594651,501200000
2024-01-08,99.51,101.59,98.69,101.19,538745,501200000
2024-01-09,100.1,100.81,99.39,99.86,527542,501200000
2024-01-10,100.08,101.655,99.67,101,634225,501200000
2024-01-11,100.33,100.46,97.7,100.14,554646,501200000
2024-01-12,100.36,100.99,95.756,96.06,796465,501200000
2024-01-16,94.59,95.69,92.915,95.65,700285,501200000
2024-01-17,94,95.819,93.29,95.67,398546,501200000
2024-01-18,95.95,97.8,94.75,97.39,631618,501200000
2024-01-19,97.82,99.45,95.8925,99.12,547307,501200000
2024-01-22,99.6,101.79,98.98,101.62,581704,501200000
2024-01-23,103.02,103.02,98.46,99,652720,501200000
2024-01-24,100.81,100.81,97.315,98,441050,501200000
2024-01-25,99.09,100.22,98.26,99.94,483678,501200000
2024-01-26,100.72,101.46,97.78,99.88,474284,501200000
2024-01-29,100.27,102.13,99.35,101.81,479099,501200000
2024-01-30,101.33,101.71,100.12,101.01,395404,501200000
2024-01-31,100.15,101.97,98.92,99.48,496789,1081700000
2024-02-01,100.39,101.27,97.025,100.44,574934,1081700000
2024-02-02,98.6,101.53,97.32,100.27,454107,1081700000
2024-02-05,98.61,99.43,97.27,98.3,371032,1081700000
2024-02-06,98.26,99.74,97.12,97.73,552973,1081700000
2024-02-07,98.19,99.035,96.51,98.5,465773,1081700000
2024-02-08,99.41,101.29,98.36,101.03,542825,1081700000
2024-02-09,101,103.22,99.96,102.81,499523,1081700000
2024-02-12,103.34,106.92,102.83,105.89,787333,1081700000
2024-02-13,101.6,102.9,99.02,102.69,606517,1081700000
2024-02-14,105,106.315,103.04,104.85,554060,1081700000
2024-02-15,105.76,107.21,105.41,106.49,441847,1081700000
2024-02-16,104.67,106.66,103.86,105.38,453173,1081700000
2024-02-20,104.17,107.79,103.45,107.48,602404,1081700000
2024-02-21,107.3,107.3,102.82,104.01,714942,1081700000
2024-02-22,104.28,106.11,104.09,105.45,491958,1081700000
2024-02-23,105.79,108.79,105.27,106.45,749689,1081700000
2024-02-26,106.01,106.589,104.52,105.36,604266,1081700000
2024-02-27,106.55,107.41,105.51,106.55,580420,1081700000
2024-02-28,103.99,104.04,99.795,102.93,532940,1081700000
2024-02-29,104.04,104.426,100.66,101.76,757763,1081700000
2024-03-01,102.37,102.81,99.26,101.57,665379,1081700000
2024-03-04,101.57,102.176,99.35,99.38,530653,1081700000
2024-03-05,98.62,100.36,97.62,98.43,852247,1081700000
2024-03-06,98.56,98.75,94.15,95.39,648626,1081700000
2024-03-07,95.86,97.15,94.71,97.13,475409,1081700000
2024-03-08,98.09,98.515,96.25,96.99,366412,1081700000
2024-03-11,95.78,96.19,93.8,96.08,457548,1081700000
2024-03-12,96,98.465,94.85,97,423382,1081700000
2024-03-13,97.85,99.94,97.76,98.96,604199,1081700000
2024-03-14,99.14,100.24,96.81,98.03,539488,1081700000
2024-03-15,97.7,100.13,97.7,100.05,1293822,1081700000
2024-03-18,100.48,101.31,99.005,100.25,814819,1081700000
2024-03-19,100.74,102.895,99.33,102.46,1244448,1081700000
2024-03-20,90,93.14,86.31,90.08,3944636,1081700000
2024-03-21,89.1,90.42,87.15,90,1491798,1081700000
2024-03-22,90,92.05,88.91,91.11,976331,1081700000
2024-03-25,92.15,95.47,91.86,95.12,1586118,1081700000
2024-03-26,95.02,98.43,94.6081,98.11,832448,1081700000
2024-03-27,99,99.94,97.35,99.43,757608,1081700000
2024-03-28,99.35,100.45,98.78,100.07,677641,1081700000
2024-04-01,99.85,100.76,98.49,98.71,752115,1081700000
2024-04-02,96.85,97.665,93.8,95.07,911928,1081700000
2024-04-03,100.46,107.79,99.54,104.43,1882085,1081700000
2024-04-04,106.28,109.17,105.605,106.04,977697,1081700000
2024-04-05,106.22,106.77,101.025,101.73,1013382,1081700000
2024-04-08,102.75,105.13,102.75,104.27,594709,1081700000
2024-04-09,104.82,105.155,101.31,102.08,501785,1081700000
2024-04-10,100.09,102.14,99,100.53,579216,1081700000
2024-04-11,101.15,101.24,97.14,99.6,675595,1081700000
2024-04-12,98.27,99.22,95.3666,95.77,561182,1081700000
2024-04-15,96.23,98,94.49,95.16,538855,1081700000
2024-04-16,94.15,96.75,93.255,96.63,603791,1081700000
2024-04-17,98.22,98.93,96.275,96.46,635577,1081700000
2024-04-18,97.12,97.87,93.95,93.98,508213,1081700000
2024-04-19,93.47,95.68,93.37,95.47,653113,1081700000
2024-04-22,96.65,100.92,95.3,100.11,792510,1081700000
2024-04-23,100.55,101.68,99.865,101.08,623820,1081700000
2024-04-24,100.47,102.09,97.765,98.59,641762,1081700000
2024-04-25,97.4,100.41,95,99.66,912664,1081700000
2024-04-26,99.73,102.28,99.34,101.8,580632,1081700000
2024-04-29,101.78,102.45,100.84,102.14,375285,1081700000
2024-04-30,101.43,101.43,97.64,98.03,905499,572200000
2024-05-01,97.65,98.37,94.29,95.95,566525,572200000
2024-05-02,97.35,98.47,96.16,97.4,802010,572200000
2024-05-03,98.19,99.17,93.41,94.35,976918,572200000
2024-05-06,95.39,98.35,94.57,97.18,900376,572200000
2024-05-07,97.67,99.06,96.75,96.75,566123,572200000
2024-05-08,95.46,96.92,93.53,94.61,730102,572200000
2024-05-09,94.64,96.9,94,95.85,503967,572200000
2024-05-10,96.46,97.04,94.97,96.91,403223,572200000
2024-05-13,98.26,102.5,97.3,99.44,793054,572200000
2024-05-14,102.42,102.9,99.665,101.18,495444,572200000
2024-05-15,102.1,102.68,100.68,102.21,510690,572200000
2024-05-16,102.41,102.41,100.63,101.45,525395,572200000
2024-05-17,101.39,101.44,98.72,98.85,447765,572200000
2024-05-20,98.86,99.82,97.58,98.29,343037,572200000
2024-05-21,98.67,100.77,98.67,99.88,447587,572200000
2024-05-22,99.35,99.995,98.7243,99.04,461671,572200000
2024-05-23,99.81,101.95,98.82,101.37,678647,572200000
2024-05-24,102.29,104.6,101.38,102.74,682508,572200000
2024-05-28,102.74,105.13,102.74,104.56,589389,572200000
2024-05-29,103.7,105.84,103.6742,104.33,739036,572200000
2024-05-30,104.94,108.01,103.57,105.83,571211,572200000
2024-05-31,107.36,109.53,105.66,109.49,1123740,572200000
2024-06-03,110.55,112.06,107.84,108.35,1173527,572200000
2024-06-04,107.73,108.995,105.68,107.36,479409,572200000
2024-06-05,107.03,107.93,105.52,106.76,439968,572200000
2024-06-06,106,107.26,105.315,106.72,467899,572200000
2024-06-07,106.34,106.57,105.33,105.73,505650,572200000
2024-06-10,104.14,104.51,102.48,103.76,867080,572200000
2024-06-11,102.92,105.89,101.5473,105.63,944026,572200000
2024-06-12,107.16,109.52,106.59,108.42,1097975,572200000
2024-06-13,100.1,104.79,89.87,92.25,3861952,572200000
2024-06-14,92.01,92.75,86.74,87.18,2788930,572200000
2024-06-17,86.99,92.2,85.88,91.6,1746023,572200000
2024-06-18,91.03,92.2499,90.16,91.24,833199,572200000
2024-06-20,91.5,93.6,91.215,91.94,1293532,572200000
2024-06-21,91.38,91.45,86.5,89.65,1636695,572200000
2024-06-24,90.34,90.34,88.56,89.46,709456,572200000
2024-06-25,89.08,89.205,86.55,86.76,652846,572200000
2024-06-26,86.6,88.6,86.38,87.99,758818,572200000
2024-06-27,87.6,89.75,86.995,89.2,617947,572200000
2024-06-28,89.31,90.455,87.7875,89.58,907478,572200000
2024-07-01,90,91,86.78,87.45,887944,572200000
2024-07-02,87.86,88.18,86.14,86.85,586940,572200000
2024-07-03,87.19,89.615,86.41,88.7,326287,572200000
2024-07-05,88.25,88.93,86.755,87.27,614855,572200000
2024-07-08,88.51,88.63,86.57,86.95,546364,572200000
2024-07-09,86.32,87.615,84.02,84.55,1104767,572200000
2024-07-10,85.62,89.37,84.65,88.04,1132145,572200000
2024-07-11,90.44,90.85,88.68,89.93,786476,572200000
2024-07-12,90.41,91.66,87.64,88.09,874963,572200000
2024-07-15,87.71,89.7,86.42,86.68,777688,572200000
2024-07-16,87.83,88.9325,86.49,88.53,1159285,572200000
2024-07-17,87.3,88.915,86.44,87.61,727440,572200000
2024-07-18,87.23,87.99,84.12,85.92,850144,572200000
2024-07-19,85.76,86.11,83.25,84.29,901970,572200000
2024-07-22,84.82,85.33,81.38,85.27,1437743,572200000
2024-07-23,84.92,86.29,83.715,85.02,722291,572200000
2024-07-24,84.32,85.5,81.63,82.03,769655,572200000
2024-07-25,82.54,84.12,81.29,82.67,746675,572200000
2024-07-26,83.34,83.73,82.48,83.04,641207,572200000
2024-07-29,83.8,85.32,82.95,84.76,760164,572200000
2024-07-30,85.35,86.11,83.97,84.09,481608,572200000
2024-07-31,84.47,86.98,83.5824,84.13,865307,566400000
2024-08-01,83.4,84.14,80.75,82.08,798027,566400000
2024-08-02,78.27,79.86,77.24,78.21,851113,566400000
2024-08-05,74.91,78.09,73.2396,76.2,1025159,566400000
2024-08-06,75.82,76.48,74.22,75.61,863106,566400000
2024-08-07,76.21,76.945,73.35,73.75,884945,566400000
2024-08-08,75.29,75.38,73.82,75.36,750644,566400000
2024-08-09,75.21,75.47,73.22,73.78,696957,566400000
2024-08-12,73.87,74.89,72.26,72.58,817061,566400000
2024-08-13,73.42,75.96,72.93,75.54,811146,566400000
2024-08-14,75.88,76.5,73.985,74.51,874491,566400000
2024-08-15,77.38,79.47,76.6,78.18,979520,566400000
2024-08-16,77.77,78.91,77.35,77.57,738044,566400000
2024-08-19,77.67,78.38,76.45,77.05,729192,566400000
2024-08-20,76.84,78.405,76.46,77.66,624454,566400000
2024-08-21,79.04,79.305,78.06,78.2,542027,566400000
2024-08-22,78.32,78.47,77.48,77.93,653123,566400000
2024-08-23,78.68,80.99,78.25,80.29,565265,566400000
2024-08-26,81.41,82.65,80.65,82.32,786674,566400000
2024-08-27,80.24,83.04,80.04,82.99,637154,566400000
2024-08-28,82.4,84.06,81.78,82.66,667654,566400000
2024-08-29,83.8,85.4,82.44,84.4,705040,566400000
2024-08-30,85,85.07,83.425,84.1,645665,566400000
2024-09-03,82.39,83.74,80.27,80.55,942508,566400000
2024-09-04,79.73,81.635,79.67,80.29,757192,566400000
2024-09-05,80.5,81.37,77.32,77.54,896769,566400000
2024-09-06,77.92,79.07,76.8,76.95,1175600,566400000
2024-09-09,77.41,79.01,75.09,75.79,1419192,566400000
2024-09-10,76.39,77.05,75.17,76.26,897870,566400000
2024-09-11,77.29,78.75,75.91,78.09,1319087,566400000
2024-09-12,89.85,93.2099,86.74,86.94,2925606,566400000
2024-09-13,87.82,91.78,86.915,91.15,1625114,566400000
2024-09-16,92.2,93.78,90.56,91.88,1060541,566400000
2024-09-17,92.21,95.37,91.48,93.56,934190,566400000
2024-09-18,93.66,95.21,92.2,93.12,940852,566400000
2024-09-19,95.5,97.36,94.61,97.16,1218194,566400000
2024-09-20,96.47,96.83,94.37,94.98,1570636,566400000
2024-09-23,95.74,98.08,94.57,97.93,773365,566400000
2024-09-24,98.19,100.05,97.275,99.35,661712,566400000
2024-09-25,99.61,101.07,98.38,100.26,782979,566400000
2024-09-26,102.41,102.41,98.33,98.51,792503,566400000
2024-09-27,99.56,102.69,99.195,100.97,958730,566400000
2024-09-30,100.66,103.48,100.66,103.14,878310,566400000
2024-10-01,97.88,99.185,92.271,94.98,1936026,566400000
2024-10-02,94.53,94.89,92.38,94.68,1038934,566400000
2024-10-03,93.49,95.53,92.46,95.31,1192711,566400000
2024-10-04,97.04,99.23,97.04,98.07,896815,566400000
2024-10-07,97.38,99.16,96.48,98.67,815504,566400000
2024-10-08,98.89,100.18,97.17,99.7,931846,566400000
2024-10-09,99.74,100.11,98.365,98.58,779013,566400000
2024-10-10,98,98.21,96.61,96.72,1058074,566400000
2024-10-11,96.4,97.385,96.1,96.16,693450,566400000
2024-10-14,96.32,98.63,95.59,97.58,611755,566400000
2024-10-15,97.11,101.37,97.11,99.53,919702,566400000
2024-10-16,99.79,102.88,98.77,101.64,959054,566400000
2024-10-17,101.67,102.77,99.8382,100.79,502045,566400000
2024-10-18,101.44,102.33,100.59,100.83,529256,566400000
2024-10-21,99.7,99.995,96.58,96.6,1021548,566400000
2024-10-22,95.98,96.75,95.02,95.65,687874,566400000
2024-10-23,96.16,96.245,92.69,93.62,1314933,566400000
2024-10-24,93.97,94.605,91.8936,92.84,647294,566400000
2024-10-25,93.28,93.425,91.67,91.86,485731,566400000
2024-10-28,92.78,93.69,91.96,92.47,603246,566400000
2024-10-29,91.39,93.79,91.09,93.39,533458,566400000
2024-10-30,92.89,93.98,92.11,92.54,456249,566400000
2024-10-31,91.8,93.025,90.98,91.68,1036034,485300000
2024-11-01,92.29,93.76,91.73,92.05,694982,485300000
2024-11-04,91.45,91.95,90.26,91.17,735299,485300000
2024-11-05,89.98,91.71,89.78,91.68,589794,485300000
2024-11-06,96.2,98.555,94.97,97.3,1287698,485300000
2024-11-07,97.06,98.82,96.45,98.01,795954,485300000
2024-11-08,98.01,98.07,96.585,97.55,619131,485300000
2024-11-11,98.81,99.85,96.48,98.07,555128,485300000
2024-11-12,98.51,98.68,96.635,98.59,563839,485300000
2024-11-13,99.44,101.71,97.27,97.92,895735,485300000
2024-11-14,98.34,98.75,97,97.66,662317,485300000
2024-11-15,97.66,97.66,95.75,97.16,652867,485300000
2024-11-18,96.91,97.84,95.075,95.2,582737,485300000
2024-11-19,94.31,95.455,92.24,94.59,785315,485300000
2024-11-20,94,96.82,93.6226,96.7,661466,485300000
2024-11-21,97.67,100.25,96.56,100.17,929115,485300000
2024-11-22,101.98,103.64,100.96,102.6,828391,485300000
2024-11-25,103.34,106.28,101.89,104.13,980398,485300000
2024-11-26,102.7,103.26,100.92,102.09,538395,485300000
2024-11-27,102.91,103.53,99.65,99.98,922088,485300000
2024-11-29,100.75,101.27,98.93,100.2,564373,485300000
2024-12-02,100.84,100.84,97.08,99.45,1684246,485300000
2024-12-03,100.41,100.41,97.57,98.31,1223896,485300000
2024-12-04,97.64,99.3,95.88,98.73,1689521,485300000
2024-12-05,85.44,90.28,84.5,86.94,4652528,485300000
2024-12-06,87.5,92.805,87.465,91.8,2129008,485300000
2024-12-09,89.76,90.48,86.46,86.47,1234615,485300000
2024-12-10,86.25,86.73,84.73,84.8,1187607,485300000
2024-12-11,85.33,85.63,83.82,85.01,1026290,485300000
2024-12-12,86,87.0378,84.88,85.08,782202,485300000
2024-12-13,84.97,85.12,83.05,84.07,642854,485300000
2024-12-16,83.98,86.49,83.28,84.61,786132,485300000
2024-12-17,84.4,84.67,81.53,81.54,1194527,485300000
2024-12-18,82.3,83.61,78.44,79.42,1173513,485300000
2024-12-19,79.89,80.7,78.47,79.48,973819,485300000
2024-12-20,78.36,83.55,78.17,81.14,4133615,485300000
2024-12-23,80.65,82,80.09,81,1087897,485300000
2024-12-24,80.89,81.24,79.27,81.21,346722,485300000
2024-12-26,80.98,82.61,80.31,82.46,1002860,485300000
2024-12-27,82.05,82.57,81.23,81.97,623221,485300000
2024-12-30,80.78,81.28,79.2,80.48,963079,485300000
2024-12-31,81.02,81.54,80.09,80.71,888025,485300000
2025-01-02,81.02,81.58,77.27,78.03,1498880,485300000
2025-01-03,78.32,78.78,76.61,77.37,1454929,485300000
2025-01-06,78.79,79.84,76.24,76.45,1365934,485300000
2025-01-07,77.05,77.87,76.14,77.07,1028446,485300000
2025-01-08,76.11,76.11,73.61,74.48,1230686,485300000
2025-01-10,73.84,76.95,73.31,76.63,2242419,485300000
2025-01-13,75.69,76.2,72.845,74.04,1568312,485300000
2025-01-14,62.28,63.6883,54.44,58,9682743,485300000
2025-01-15,58.69,59.88,56.61,58.92,3878318,485300000
2025-01-16,58.52,60.1975,55.85,56.59,2933815,485300000
2025-01-17,57.09,57.73,55.775,57.48,1881806,485300000
2025-01-21,58.49,58.54,56.82,57.32,1698043,485300000
2025-01-22,57.73,59.95,56.89,59.37,1663669,485300000
2025-01-23,59.4,60.97,59.27,60.79,1493896,485300000
2025-01-24,60.48,61.905,60.32,60.45,1090619,485300000
2025-01-27,60.33,60.655,57.8301,59.54,1380386,485300000
2025-01-28,59.19,59.425,57.82,58.63,753214,485300000
2025-01-29,58.63,59.21,58.1,58.48,702936,485300000
2025-01-30,58.63,60.89,58.54,60.33,742425,485300000
2025-01-31,59.99,61.49,58.85,59.23,2234877,1001900000
2025-02-03,58,58.8,57.13,57.93,1156446,1001900000
2025-02-04,57.69,57.91,56.5,56.93,1048529,1001900000
2025-02-05,56.63,56.9703,54.85,56.5,1472023,1001900000
2025-02-06,57.07,57.99,54.5,54.79,1452504,1001900000
2025-02-07,54.44,54.45,52.09,52.8,1415999,1001900000
2025-02-10,52.94,54.83,52.35,54.19,1558300,1001900000
2025-02-11,53.7,55.03,53,54.91,1125656,1001900000
2025-02-12,54.26,54.9087,53.855,54.36,1268710,1001900000
2025-02-13,55.22,55.34,52.57,52.7,1261432,1001900000
2025-02-14,53.13,54.13,52.3,53.7,1616407,1001900000
2025-02-18,54.01,56.15,54.01,56,1602076,1001900000
2025-02-19,54.93,56.01,54.26,55.72,1327556,1001900000
2025-02-20,55.17,55.805,52.86,54.09,1334806,1001900000
2025-02-21,54.65,54.8045,52.26,52.75,1173716,1001900000
2025-02-24,52.92,52.92,50.38,50.96,1553805,1001900000
2025-02-25,51.35,52.68,50.97,51.5,1332926,1001900000
2025-02-26,52.31,53.3,52.11,52.68,1366864,1001900000
2025-02-27,52.72,52.8728,49.68,49.73,1344697,1001900000
2025-02-28,53.92,58.94,51.825,52.32,3395163,1001900000
2025-03-03,52.37,53.37,48.59,48.72,1697809,1001900000
2025-03-04,47.95,49.495,46.66,47.94,1530699,1001900000
2025-03-05,48.25,49.64,47.87,49.36,863881,1001900000
2025-03-06,48.48,50.63,48.15,50,1041348,1001900000
2025-03-07,49.35,50.3,49.05,50.3,1115631,1001900000
2025-03-10,50.6,50.95,47.97,48.17,1446633,1001900000
2025-03-11,47.99,47.99,46.16,47.26,1245053,1001900000
2025-03-12,47.81,48.68,46.86,48.42,1071336,1001900000
2025-03-13,48.13,48.85,45.55,46.42,1107581,1001900000
2025-03-14,47.27,48.29,46.62,47.95,966719,1001900000
2025-03-17,48.14,49.19,47.73,48.35,1254757,1001900000
2025-03-18,48,49.22,47.63,48.3,1910392,1001900000
2025-03-19,58.525,60.25,56,56.65,4990116,1001900000
2025-03-20,56.99,59.25,56.23,56.3,2425757,1001900000
2025-03-21,55.55,59.42,55.2,58.06,5994627,1001900000
2025-03-24,59.37,61.46,58.9525,61.27,1749038,1001900000
2025-03-25,61.08,61.4588,59.32,60.26,1464541,1001900000
2025-03-26,60.14,60.7653,59.1,60.53,1030711,1001900000
2025-03-27,60.04,61.8,59.52,60.42,1523075,1001900000
2025-03-28,59.82,60.29,58.57,58.83,1516768,1001900000
2025-03-31,57.87,58.73,56.11,58.06,1388833,1001900000
2025-04-01,59.47,60.54,58.21,59.47,1486502,1001900000
2025-04-02,58.68,61.14,58.03,60.53,818905,1001900000
2025-04-03,56.5,56.94,52.63,54.72,1991304,1001900000
2025-04-04,52.41,55.57,49.99,54.89,2348327,1001900000
2025-04-07,52.38,58.21,51.59,54.64,1934684,1001900000
2025-04-08,54.7,55.78,50.02,50.77,1678898,1001900000
2025-04-09,50.65,61.14,50.35,59.06,2349253,1001900000
2025-04-10,57.65,58.14,55.205,57.78,1328553,1001900000
2025-04-11,57.45,58.57,56.08,58.3,1110460,1001900000
2025-04-14,58.62,58.99,56.51,57.54,1112351,1001900000
2025-04-15,57.93,58.4,55.305,55.38,936157,1001900000
2025-04-16,55.97,56.085,54.31,54.91,1097579,1001900000
2025-04-17,54.99,56.23,54.29,55.38,1225402,1001900000
2025-04-21,54.76,54.76,52.1422,52.41,1022827,1001900000
2025-04-22,53.31,56.495,53.18,56.19,1186988,1001900000
2025-04-23,59.22,60.99,56.27,56.57,1722906,1001900000
2025-04-24,56.83,59.51,56.2001,59.01,924029,1001900000
2025-04-25,58.51,59.09,57.84,59.05,675401,1001900000
2025-04-28,59.09,60.12,58.38,59.03,637291,1001900000
2025-04-29,59.37,60.26,58.25,60.15,967702,1001900000
2025-04-30,58.15,59.485,56.52,59.3,977250,598900000
2025-05-01,59.99,60.725,59.35,59.83,704320,598900000
2025-05-02,60.78,61.82,60.5,61.24,685495,598900000
2025-05-05,60.31,62.88,60.31,60.93,812031,598900000
2025-05-06,60.32,61.69,59.895,60.75,787524,598900000
2025-05-07,62.42,62.75,61.5,62.48,719016,598900000
2025-05-08,63.64,65.62,63.555,64.75,766594,598900000
2025-05-09,64.7,65.09,63.28,64.37,633625,598900000
2025-05-12,67.99,71.87,67.87,69.82,1354586,598900000
2025-05-13,69.82,70.11,67.32,67.9,936108,598900000
2025-05-14,67.58,68.21,66.62,66.67,815243,598900000
2025-05-15,65.72,67.17,65.1201,67.03,1298368,598900000
2025-05-16,67.49,67.49,66.05,66.22,825681,598900000
2025-05-19,64.56,64.997,61.92,62.59,1741168,598900000
2025-05-20,63.15,65.27,63.075,64.47,1200259,598900000
2025-05-21,62.86,64.24,62.5,63,953318,598900000
2025-05-22,63.22,65.08,63.06,64.22,1135111,598900000
2025-05-23,62.08,63.535,62.08,63.07,682974,598900000
2025-05-27,64.92,66.83,64,66.37,1097619,598900000
2025-05-28,66.83,67.42,66.125,66.78,1085078,598900000
2025-05-29,67.65,68,66.23,66.89,968900,598900000
2025-05-30,65.57,67.24,65.44,66.57,1217889,598900000
2025-06-02,66.42,67.148,65.2,66.81,2482063,598900000
2025-06-03,77.94,78.09,72.11,75.13,3505104,598900000
2025-06-04,74.78,75.41,73.165,74.4,1779302,598900000
2025-06-05,74.23,74.95,73.44,74.8,1167592,598900000
2025-06-06,75.19,78.3,75.12,77.68,1695082,598900000
2025-06-09,78.65,81.05,77.7,79.71,1553595,598900000
2025-06-10,79.89,81.29,78.98,79.94,1065027,598900000
2025-06-11,80.35,81.52,79.1,79.19,990484,598900000
2025-06-12,78.23,79.59,78.23,79.01,577996,598900000
2025-06-13,77.73,78.79,75.88,76.49,731234,598900000
2025-06-16,79.36,82.81,77.81,82.74,1264014,598900000
2025-06-17,81.71,82.05,80.22,80.48,1090560,598900000
2025-06-18,80.48,82.1,80.375,81.43,978900,598900000
2025-06-20,82.29,82.29,80.265,81.64,1522785,598900000
2025-06-23,80.49,80.75,77.84,79.76,1119649,598900000
2025-06-24,80.49,80.5,78.25,78.54,1266864,598900000
2025-06-25,78.91,80.279,78.57,79.58,1054636,598900000
2025-06-26,79.95,82.3,79.52,81.8,1002960,598900000
2025-06-27,82.87,83.14,81.44,82.36,1411436,598900000
2025-06-30,82.36,82.99,79.18,79.55,1175561,598900000
2025-07-01,79.25,84.8,79,83.92,1375129,598900000
2025-07-02,84.72,84.72,82.34,83.96,901924,598900000
2025-07-03,83.66,84.865,83.36,84.06,511839,598900000
2025-07-07,82.91,83.29,80.5375,81.69,881224,598900000
2025-07-08,82.3,82.3,79.0608,79.95,1512998,598900000
2025-07-09,80.96,82.47,80.48,80.54,1735993,598900000
2025-07-10,80.69,82.135,80.04,80.73,1042005,598900000
2025-07-11,79.83,80.985,78.508,79.57,1204765,598900000
2025-07-14,78.87,81.05,78.74,81.05,913174,598900000
2025-07-15,81,81.72,78.92,78.92,1006663,598900000
2025-07-16,79.01,79.81,77.12,78.51,808361,598900000
2025-07-17,78.38,81.04,78.38,80.92,693209,598900000
2025-07-18,81.85,82,80.14,81.82,705768,598900000
2025-07-21,82.71,83.34,81.86,82.38,540356,598900000
2025-07-22,83.46,87.64,82.8306,86.41,934375,598900000
2025-07-23,87.47,88.51,85.89,86.75,871325,598900000
2025-07-24,85.98,86.4707,83.865,83.92,584787,598900000
2025-07-25,85.3,85.3,83,84.76,489827,598900000
2025-07-28,84.65,85.32,81.84,83.89,655982,598900000
2025-07-29,84.47,84.685,81,81.37,1063557,598900000
2025-07-30,82.17,82.51,78.04,78.85,1351068,598900000
2025-07-31,78.53,79.95,78.09,79.1,1389794,591800000
2025-08-01,77.62,77.9101,74.415,75.3,1093560,591800000
2025-08-04,75.6,76.76,74.885,75.81,880896,591800000
2025-08-05,76.18,77.05,75.18,75.98,753826,591800000
2025-08-06,76.03,76.81,74.73,75.13,691510,591800000
2025-08-07,75.89,75.98,74.96,75.25,563767,591800000
2025-08-08,75.5,75.5,73.625,74.31,524876,591800000
2025-08-11,75.07,77,74.995,76.33,819056,591800000
2025-08-12,77.52,80.04,76.59,79.68,627515,591800000
2025-08-13,80.24,83.91,80.175,83.28,790496,591800000
2025-08-14,81.57,83.165,80.76,82.8,605714,591800000
2025-08-15,83.1,83.23,81.215,81.98,489412,591800000
2025-08-18,82,84.29,81.56,83.93,892138,591800000
2025-08-19,84.1,85.5,80.7,81.25,876289,591800000
2025-08-20,80.42,80.955,79.49,80.21,710510,591800000
2025-08-21,79.72,82.38,79.3601,82.38,805552,591800000
2025-08-22,83.52,88.074,81.9401,87.33,1004837,591800000
2025-08-25,87,87.055,84.545,85.17,625641,591800000
2025-08-26,85.14,88.02,84.63,87.83,1344861,591800000
2025-08-27,89.66,93.495,89.31,93.37,2058473,591800000
2025-08-28,92.31,93.04,88.67,89.86,1737155,591800000
2025-08-29,90.28,91.05,86.71,88.05,1770273,591800000
2025-09-02,90.64,91.8549,85.31,90.46,3096914,591800000
2025-09-03,91.14,91.625,88.48,88.68,1927340,591800000
2025-09-04,87.92,90.61,87.15,90.55,1062033,591800000
2025-09-05,90.54,94.07,90.54,93.65,1196939,591800000
2025-09-08,93.13,93.24,91.66,92.65,645934,591800000
2025-09-09,93.05,93.05,89.925,90.93,558464,591800000
2025-09-10,90.6,92.53,89.7,91.5,688677,591800000
2025-09-11,91.94,93.15,91.5,92.84,631287,591800000
2025-09-12,92.13,93.24,90.74,91.07,483536,591800000
2025-09-15,91.18,93.06,90.86,92.39,632941,591800000
2025-09-16,92.09,92.69,90.24,92.41,582908,591800000
2025-09-17,92.74,96.37,92.74,94.5,862831,591800000
2025-09-18,95.05,97.88,94.74,96.87,821481,591800000
2025-09-19,96.85,96.85,94.705,95.87,1619669,591800000
2025-09-22,95.94,96,94.05,95.07,718439,591800000
2025-09-23,95,97.6,94.925,95.27,665363,591800000
2025-09-24,95.26,97.35,95.195,96.75,865826,591800000
2025-09-25,95.58,96.7,93.98,95.23,706702,591800000
2025-09-26,94.28,96.39,94.28,96.05,456700,591800000
2025-09-29,96.47,96.93,94.8,96.7,708346,591800000
2025-09-30,97.6,97.6,94.49,95.92,563636,591800000
2025-10-01,95.45,96.59,94.56,95.75,802455,591800000
2025-10-02,96.15,99.03,95.6475,98.55,624858,591800000
2025-10-03,98.89,100.43,96.14,96.21,1266851,591800000
2025-10-06,96.11,96.29,92.24,93.62,822548,591800000
2025-10-07,93.83,94.515,92.52,93.68,632265,591800000
2025-10-08,94.4,95.6,93.54,95.06,586378,591800000
2025-10-09,95.39,98.03,94.5,96.43,824642,591800000
2025-10-10,97.21,97.21,91.78,92.31,822713,591800000
2025-10-13,95.1,99.92,94.1471,99.8,792244,591800000
2025-10-14,98.69,101.2,97.31,101.17,869152,591800000
2025-10-15,102.07,104.53,101.26,103.58,1182666,591800000
2025-10-16,103.21,104.3,101.8996,103.24,674290,591800000
2025-10-17,102.43,104.07,102.3,103.24,756993,591800000
2025-10-20,103.91,105.2,103.13,104.91,523517,591800000
2025-10-21,104.47,106.83,104.19,104.78,791576,591800000
2025-10-22,105.25,110.2,102.76,104.44,1158040,591800000
2025-10-23,104.14,105.93,103.37,104.54,492678,591800000
2025-10-24,105.28,105.38,103.65,103.73,347599,591800000
2025-10-27,103.75,104.725,101.65,103.26,469606,591800000
2025-10-28,102.59,104.02,101.19,102.85,451241,591800000
2025-10-29,101.66,103.14,99.3,101.25,628623,591800000
2025-10-30,99.86,100.91,98.16,98.81,761807,591800000
2025-10-31,98.44,99.45,97.04,98.85,618118,518799999.99999994
2025-11-03,98.54,98.54,96.25,97.91,581999,518799999.99999994
2025-11-04,96.42,98.61,95.19,97.6,424700,518799999.99999994
2025-11-05,97.18,103,96.47,100.76,773810,518799999.99999994
2025-11-06,99.86,100.975,98.04,99.8,475612,518799999.99999994
2025-11-07,99.64,101.79,98.264,100.31,616411,518799999.99999994
2025-11-10,101.71,102.49,99.93,101.42,540740,518799999.99999994
2025-11-11,104.56,104.59,102.13,103.17,837117,518799999.99999994
2025-11-12,104.08,106.66,102.01,106,740716,518799999.99999994
2025-11-13,105.44,107.29,102.11,102.43,862082,518799999.99999994
2025-11-14,100.96,102.135,99.48,101.01,483649,518799999.99999994
2025-11-17,100.1,101.09,95.21,95.59,795308,518799999.99999994
2025-11-18,94.56,95.49,92.8,93.98,856829,518799999.99999994
2025-11-19,95.23,95.28,93.445,94.4,652705,518799999.99999994
2025-11-20,95.45,95.8,90.685,91.67,835288,518799999.99999994
2025-11-21,91,96.63,90.875,94.81,950150,518799999.99999994
2025-11-24,94.84,95.52,93.39,94.09,575584,518799999.99999994
2025-11-25,94.87,100.71,94.07,99.92,861663,518799999.99999994
2025-11-26,100.04,104.56,99.905,103.47,882476,518799999.99999994
2025-11-28,104.06,104.06,99.41,100.16,465504,518799999.99999994
2025-12-01,99.25,101.11,94.455,95.7,2653901,518799999.99999994
2025-12-02,94.19,94.2615,87.72,89.19,2622740,518799999.99999994
2025-12-03,89.08,91.47,87.69,89.02,1252933,518799999.99999994
2025-12-04,88.8,89.755,84.89,85.02,1241551,518799999.99999994
2025-12-05,84.95,86.1292,82.52,83,1222554,518799999.99999994